1727523410149,-3.6284547,4.3050475,6.8952613
1727523410159,-3.2117212,4.103866,7.036567
1727523410169,-2.650089,3.822451,7.289242
1727523410179,-2.3698719,3.8020935,7.462881
1727523410189,-2.4369323,3.7721558,7.5910144
1727523410199,-2.650089,3.8236487,7.5251513
1727523410209,-2.821333,3.925437,7.4556956
1727523410219,-2.7758276,4.01525,7.458091
1727523410229,-2.7339149,3.988905,7.476053
1727523410239,-2.7087672,4.125421,7.38624
1727523410249,-2.718347,4.0104604,7.4880285
1727523410259,-2.870431,4.052373,7.4976087
1727523410269,-2.9279113,3.984115,7.563472
1727523410279,-2.8416908,3.9972875,7.628137
1727523410289,-2.826123,4.012855,7.716753
1727523410299,-2.762655,4.0571632,7.7131605
1727523410309,-2.8967762,4.094286,7.5814342
1727523410319,-2.9853919,4.0906935,7.5586815
1727523410329,-3.060835,4.125421,7.4173756
1727523410339,-3.131488,4.091891,7.543114
1727523410349,-3.2081287,4.054768,7.6736426
1727523410359,-3.185376,4.061953,7.413783
1727523410369,-3.1734009,4.0368056,7.514374
1727523410378,-3.0847852,4.054768,7.465276
1727523410388,-3.1350806,4.0571632,7.4269557
1727523410398,-3.1674132,4.0667434,7.3359447
1727523410408,-3.2201037,3.9853125,7.2784643
1727523410418,-3.3554223,3.8332288,7.2976246
1727523410428,-3.2955468,3.718268,7.4173756
1727523410438,-3.3242872,3.5817518,7.4616833
1727523410448,-3.1530433,3.5949242,7.2581067
1727523410458,-2.9806018,3.6356397,7.4544983
1727523410468,-2.7818153,3.6308496,7.550299
1727523410478,-2.6680517,3.6116896,7.6377172
1727523410488,-2.6488917,3.5697765,7.6425076
1727523410498,-2.8225305,3.317102,7.699988
1727523410508,-2.997367,3.2524366,7.701185
1727523410518,-3.102748,3.3003368,7.6401124
1727523410528,-3.0033545,3.3745825,7.5538917
1727523410538,-2.9111462,3.314707,7.619755
1727523410548,-2.8764184,3.2608192,7.9742174
1727523410558,-2.7363098,3.321892,8.171806
1727523410568,-2.7195446,3.3230896,8.121511
1727523410578,-2.7590625,3.3314722,8.036488
1727523410588,-2.957849,3.2644117,7.7694435
1727523410598,-3.1063404,3.2356713,7.66047
1727523410608,-3.1734009,3.2727942,7.582632
1727523410618,-3.241659,3.2596216,7.6341248
1727523410628,-3.3973353,3.246449,7.635322
1727523410638,-3.5721717,3.2045362,7.4688683
1727523410648,-3.5230737,3.2009437,7.260502
1727523410658,-3.685935,2.9051588,7.220984
1727523410668,-3.6751575,2.5973988,6.955137
1727523410678,-3.681145,2.1004322,7.021
1727523410687,-3.6547997,1.895658,7.1682935
1727523410697,-3.5578015,1.9806812,7.1263804
1727523410707,-3.4596057,1.9495459,6.72282
1727523410717,-3.2033386,1.6753162,6.262976
1727523410727,-2.9147387,1.0011182,6.262976
1727523410737,-2.6369164,0.1592688,6.859336
1727523410747,-2.6764343,-0.2969824,7.5766444
1727523410757,-2.5339308,-0.42272094,7.301217
1727523410767,-2.3650818,-0.4778064,7.029382
1727523410777,-2.066902,-0.9292676,6.6773143
1727523410787,-1.9902612,-1.8788928,6.8401756
1727523410797,-1.8776953,-2.8656409,7.1934414
1727523410807,-1.4082714,-3.3662,7.325167
1727523410817,-0.37003052,-4.021238,6.8892736
1727523410827,0.14370117,-4.6164002,6.871311
1727523410837,0.17723145,-5.1672544,7.589817
1727523410847,-0.17483643,-5.4342995,8.344248
1727523410857,-0.3329077,-5.300178,8.662786
1727523410867,-0.020357667,-4.6666956,8.614885
1727523410877,0.2586621,-3.5997143,8.05924
1727523410887,0.4047583,-2.6213489,7.3634877
1727523410897,0.1472937,-1.6202307,7.442523
1727523410907,-0.6777905,-0.9663904,9.043593
1727523410917,-2.215393,-0.50894165,9.8590975
1727523410927,-4.076323,2.694397,11.147618
1727523410937,-3.3374598,5.435497,8.87235
1727523410947,-2.6249413,6.6725245,7.755073
1727523410957,-2.6572742,6.1839404,7.733518
1727523410967,-3.3302746,2.4584875,8.291557
1727523410977,-3.7721558,-2.5471032,9.248368
1727523410987,-3.1410682,-7.9502673,7.155121
1727523410996,-2.290836,-10.688972,8.355025
1727523411006,-0.5113367,-10.744058,8.2197075
1727523411016,1.3316308,-9.818382,8.195757
1727523411026,1.7890795,-9.011261,6.5120583
1727523411036,1.0262659,-9.071136,5.4630394
1727523411046,0.085023195,-9.686657,5.7851696
1727523411056,-0.7843689,-10.332114,7.6149645
1727523411066,-1.3136683,-9.448352,9.721384
1727523411076,-1.4465919,-7.0078273,11.838581
1727523411086,-1.0202783,-4.333788,11.963122
1727523411096,-0.7855664,-2.46208,10.169253
1727523411106,-1.7184265,-1.2573853,9.406439
1727523411116,-2.9087512,0.7604187,10.14171
1727523411126,-3.478766,2.806963,9.989627
1727523411136,-3.747008,5.022356,9.619596
1727523411146,-3.6260595,5.6881714,9.475895
1727523411156,-2.506388,3.2895594,7.05453
1727523411166,-2.2932312,0.04550537,6.180348
1727523411176,-3.0560448,-2.123185,8.258027
1727523411186,-3.117118,-4.1757164,9.279503
1727523411196,-2.0022364,-5.6007533,7.3072047
1727523411206,-0.7580237,-6.0222764,5.9516234
1727523411216,-0.24189697,-6.2569885,4.2260118
1727523411226,-0.21674927,-6.581514,3.3446448
1727523411236,-0.6730005,-7.533534,3.2943494
1727523411246,-1.4022839,-8.769364,4.0020776
1727523411256,-2.0609143,-10.220746,4.096681
1727523411266,-2.2010229,-11.134446,4.059558
1727523411276,-1.5555652,-11.880494,4.62119
1727523411286,-0.8813672,-12.104428,5.6151233
1727523411295,-0.26584718,-11.381133,6.524033
1727523411305,-0.014370117,-10.509346,6.9539394
1727523411315,-0.35206786,-9.121432,7.261699
1727523411325,-0.72928345,-7.785011,6.700067
1727523411335,-1.2298425,-6.3695545,6.5767236
1727523411345,-1.6561561,-4.637955,7.026987
1727523411355,-1.8537451,-2.311194,7.505991
1727523411365,-1.8118323,0.17842895,8.737031
1727523411375,-1.6561561,2.3387365,8.339458
1727523411385,-1.5615528,3.5913317,7.523954
1727523411395,-1.7926722,4.5469446,7.691605
1727523411405,-2.2213807,4.1385937,7.794591
1727523411415,-2.8680358,3.3841627,7.379055
1727523411425,-2.1531227,1.6022681,6.011499
1727523411435,-1.5399976,-0.34847534,5.8582177
1727523411445,-1.1496093,-2.13037,6.43901
1727523411455,-0.3293152,-4.4499464,5.6809864
1727523411465,0.45625123,-6.0737696,5.0415163
1727523411475,0.676593,-6.7898803,4.623585
1727523411485,0.009580079,-7.1443434,3.7242553
1727523411495,-1.3328284,-7.682025,3.314707
1727523411505,-2.2608984,-8.489147,2.2513185
1727523411515,-2.1387525,-9.534573,0.6933582
1727523411525,-1.5651453,-10.692565,-0.16884887
1727523411535,-0.2802173,-11.635005,-0.8202942
1727523411545,1.1484119,-12.278068,-2.2453308
1727523411555,1.8142273,-12.549902,-3.0033545
1727523411565,1.5028747,-12.275673,-3.4727783
1727523411575,0.70772827,-12.054133,-3.5625916
1727523411584,-0.5376819,-12.325968,-4.700226
1727523411594,-1.9088305,-12.189452,-4.2200246
1727523411604,-3.246449,-11.714041,-3.0716126
1727523411614,-2.9470716,-11.812237,-2.3483167
1727523411624,-2.7842102,-11.785892,-1.658551
1727523411634,-2.4045997,-11.446996,-1.4944922
1727523411644,-1.4561719,-9.020841,-1.3304334
1727523411654,-0.5185217,-7.5251513,-4.2595425
1727523411664,0.0023950196,-7.197034,-6.9311867
1727523411674,0.613125,-6.227051,-7.850874
1727523411684,0.76281375,-5.163662,-8.25683
1727523411694,0.2706372,-4.867877,-8.30473
1727523411704,-0.17842895,-5.8342676,-7.846084
1727523411714,-0.45026368,-6.8305955,-7.4688683
1727523411724,-1.0514135,-6.821016,-7.514374
1727523411734,-1.4585669,-5.6654186,-7.3706727
1727523411744,-1.2502002,-4.0571632,-7.556287
1727523411754,-0.37362304,-3.7218604,-9.19927
1727523411764,0.11496094,-4.8259645,-9.681867
1727523411774,0.40595582,-7.699988,-10.053095
1727523411784,0.7244934,-10.711725,-9.837543
1727523411794,0.9065149,-12.119996,-6.957532
1727523411804,0.92687255,-11.636203,-3.0153296
1727523411814,1.0562036,-10.2315235,-1.5208374
1727523411824,0.798739,-9.205257,-3.5841467
1727523411834,0.016765136,-7.2078114,-5.363646
1727523411844,-0.8981323,-5.3373013,-7.6425076
1727523411854,-1.0657837,-4.1314087,-9.178912
1727523411863,-1.1232642,-4.533772,-9.999207
1727523411873,-1.597478,-5.7851696,-8.062833
1727523411883,-1.4501843,-6.397097,-6.6234264
1727523411893,-0.8358618,-7.0952454,-7.1096153
1727523411903,-1.3076806,-7.181466,-7.123986
1727523411913,-1.6657361,-7.755073,-6.7623377
1727523411923,-1.5232325,-8.652008,-7.0245924
1727523411933,-1.0538086,-10.944042,-7.820936
1727523411943,-1.4489868,-12.298426,-6.4557753
1727523411953,-0.71730834,-11.91163,-5.492977
1727523411963,0.5017566,-9.831555,-5.9133034
1727523411973,1.3903089,-7.891589,-8.399334
1727523411983,1.1520044,-6.308481,-10.582394
1727523411993,0.10777588,-5.3899913,-11.789484
1727523412003,-1.477727,-5.2582655,-11.967913
1727523412013,-3.333867,-5.107379,-10.936856
1727523412023,-4.2092466,-6.197113,-9.999207
1727523412033,-3.8452039,-7.235354,-7.6149645
1727523412043,-3.0081446,-7.6401124,-5.798342
1727523412053,-1.8297949,-8.890312,-6.666537
1727523412063,-1.0909314,-12.129577,-8.230485
1727523412073,-0.92807007,-12.190649,-5.357659
1727523412083,0.16166382,-10.612331,-3.725453
1727523412093,0.1484912,-8.444839,-3.617677
1727523412103,-1.1687695,-6.062992,-3.2201037
1727523412113,-2.4129822,-4.429589,-3.2440538
1727523412123,-2.3243666,-5.3289185,-3.8511915
1727523412133,-1.7208215,-7.4497085,-2.9398866
1727523412142,-0.41194335,-10.130933,-1.8693128
1727523412152,0.9352551,-12.695998,-1.043031
1727523412162,1.9974463,-14.39766,-3.190166
1727523412172,1.3064831,-13.874348,-4.439169
1727523412182,0.59755737,-11.530822,-4.1050634
1727523412192,-0.4418811,-9.963282,-4.8798523
1727523412202,-1.8238074,-8.438851,-4.728966
1727523412212,-2.4465125,-7.7347155,-4.768484
1727523412239,-2.8692334,-6.4078746,-4.387676
1727523412249,-2.4249573,-4.2343946,-4.047583
1727523412259,-1.6322058,-2.7518775,-4.57329
1727523412269,-1.7351917,-2.0932472,-4.519402
1727523412279,-1.8681152,-1.6405884,-4.7529163
1727523412289,-0.9592053,-0.80472654,-6.098917
1727523412299,0.061072998,-1.9351758,-8.491542
1727523412309,-1.7016613,-4.7888417,-9.099876
1727523412319,-2.6656568,-5.23671,-8.659193
1727523412329,-1.8764977,-5.988746,-10.705737
1727523412339,-1.348396,-8.089178,-12.554692
1727523412349,-2.3531067,-11.484118,-12.347523
1727523412359,-3.326682,-12.943883,-9.920171
1727523412368,-3.0548475,-13.333074,-7.33834
1727523412378,-2.283651,-14.859899,-5.7911572
1727523412388,-2.4896228,-15.96999,-4.475094
1727523412398,-2.2872436,-16.464561,-3.7027001
1727523412408,-2.1878502,-18.400934,-5.5372853
1727523412418,-2.515968,-16.51845,-5.459447
1727523412428,-2.9686267,-13.018128,-3.1518457
1727523412438,-2.830913,-11.971505,-3.3817675
1727523412448,-2.3602917,-9.695039,-4.643943
1727523412458,-2.2441332,-7.1838613,-4.724176
1727523412468,-1.6872913,-5.398374,-4.437971
1727523412478,-0.97237796,-3.3578174,-3.2380664
1727523412488,-0.48139894,-2.8153455,-3.3446448
1727523412498,-1.2585827,-4.726571,-3.2332764
1727523412508,-3.1602283,-7.394623,-2.2357507
1727523412518,-4.1876917,-9.131012,0.20956421
1727523412528,-1.8872753,-9.8519125,1.1268567
1727523412538,-0.124541014,-11.73799,-1.2082874
1727523412548,-0.027542725,-13.371394,-2.2357507
1727523412558,-0.17004639,-12.014615,-2.550696
1727523412568,0.4287085,-12.127181,-6.716832
1727523412578,-0.15687378,-12.843292,-8.737031
1727523412588,-1.3052857,-9.918973,-5.6809864
1727523412598,-1.84177,-7.68442,-4.022435
1727523412608,-2.4417224,-7.491621,-4.1242237
1727523412618,-2.217788,-7.9921803,-3.9170544
1727523412627,-1.4908997,-7.909552,-1.3543836
1727523412637,-0.4921765,-7.8089614,-0.3065625
1727523412647,-1.1412268,-7.331155,1.5878979
1727523412657,-1.8130298,-7.8556643,-1.0023156
1727523412667,-2.6081762,-6.724017,-3.8775365
1727523412677,-3.1326857,-4.59724,-6.194718
1727523412687,-2.943479,-3.718268,-8.9513855
1727523412697,-2.994972,-3.9410048,-11.156001
1727523412707,-2.4812403,-4.0559654,-11.593092
1727523412717,-1.9291883,-4.678671,-11.803854
1727523412727,-1.9507434,-5.23671,-10.007589
1727523412737,-2.0633094,-7.1096153,-8.244855
1727523412747,-2.1219873,-8.956176,-8.241262
1727523412757,-3.075205,-7.777826,-8.079598
1727523412767,-3.4620008,-6.404282,-10.099797
1727523412777,-2.8979735,-4.4978466,-10.169253
1727523412787,-2.7219398,-3.2009437,-9.136999
1727523412797,-1.5172448,-4.54934,-10.981165
1727523412807,-0.59156984,-5.219945,-9.679471
1727523412817,-0.60833496,-5.51573,-7.852072
1727523412827,-0.5760022,-5.957611,-6.873706
1727523412837,-0.7161108,-5.9588084,-6.8305955
1727523412847,-0.93765014,-5.8151073,-6.5922914
1727523412857,-0.5340893,-6.5503783,-8.721463
1727523412867,-1.3076806,-6.9036436,-9.301059
1727523412877,-1.5938855,-6.292914,-9.069939
1727523412886,-0.8634045,-5.603148,-9.174122
1727523412896,-0.11975098,-4.9624805,-9.424402
1727523412906,-0.14968872,-4.2008643,-8.441246
1727523412916,-0.43589357,-4.1924815,-8.859178
1727523412926,-1.0585986,-5.088219,-9.563313
1727523412936,-2.0992346,-6.758745,-9.333391
1727523412946,-3.37099,-7.587422,-8.721463
1727523412956,-3.493136,-7.2078114,-9.586065
1727523412966,-2.4968078,-7.2952294,-10.958412
1727523412976,-2.4980054,-8.182584,-10.655442
1727523412986,-2.1459374,-8.65081,-8.771759
1727523412996,-0.16884887,-9.513018,-8.289163
1727523413006,1.0705737,-10.560839,-8.702304
1727523413016,1.4956897,-11.338022,-8.964558
1727523413026,1.3004956,-8.382568,-6.444998
1727523413036,1.2011023,-4.212839,-5.003196
1727523413046,0.735271,-2.9614418,-8.514295
1727523413056,-0.92807007,-2.337539,-10.679392
1727523413066,-3.561394,-2.2381458,-10.078242
1727523413076,-4.7157936,-3.6320472,-9.718989
1727523413086,-4.733756,-5.649851,-10.244696
1727523413096,-4.374503,-6.394702,-9.756112
1727523413106,-3.109933,-5.686974,-9.55972
1727523413116,-1.8381774,-4.91458,-11.01709
1727523413126,-1.1448194,-3.302732,-12.61816
1727523413136,-0.42272094,-1.0502161,-14.796431
1727523413146,0.27662477,0.4287085,-17.472864
1727523413156,-0.5125342,0.9424402,-15.550861
1727523413166,-1.8621277,-0.31255004,-9.610016
1727523413175,-1.1340418,-4.221222,-8.783734
1727523413185,-1.0693762,-7.115603,-9.048384
1727523413195,-1.7663269,-5.542075,-6.077362
1727523413205,-0.68377805,-7.946675,-9.777667
1727523413215,-1.1843371,-6.8317933,-9.514215
1727523413225,-2.1159997,-3.9924974,-5.5899754
1727523413235,-1.7747095,-5.0570836,-5.7097263
1727523413245,-0.5161267,-7.501201,-9.376501
1727523413255,-0.7220984,-6.563551,-10.124945
1727523413265,-0.554447,-5.4271145,-11.038645
1727523413275,-0.13891113,-4.398453,-10.870994
1727523413285,0.05029541,-4.0344105,-9.885443
1727523413295,-0.12573853,-4.5469446,-8.841214
1727523413305,-0.37362304,-4.9085927,-7.99697
1727523413315,-0.30776,-4.9696655,-7.676038
1727523413325,-0.49936157,-4.574487,-7.8329115
1727523413335,-0.20237915,-3.7973034,-8.956176
1727523413345,-0.7711963,-2.254911,-8.484357
1727523413355,-0.51013917,-2.6955945,-9.72378
1727523413365,-0.66821045,-3.4643958,-10.339299
1727523413375,-1.4789245,-4.212839,-9.09868
1727523413385,-2.1243823,-4.7110033,-7.5287437
1727523413395,-1.8513501,-5.7755895,-7.2509217
1727523413405,-1.5232325,-7.728728,-8.173004
1727523413415,-1.7459693,-7.834109,-7.941885
1727523413425,-0.65743285,-7.284452,-8.5154915
1727523413435,-0.4897815,-5.310956,-8.176597
1727523413445,-1.3172607,-4.8666797,-8.8484
1727523413455,-1.3268409,-6.836583,-10.632689
1727523413464,-1.6441809,-9.839938,-11.589499
1727523413474,-1.8753003,-12.104428,-10.546469
1727523413484,-0.8789722,-12.460089,-8.155042
1727523413494,1.0693762,-10.281818,-5.748047
1727523413504,2.3147864,-6.6797094,-4.860692
1727523413514,2.5051904,-2.926714,-6.171965
1727523413524,1.419049,0.14609618,-8.060438
1727523413534,-0.7089258,0.87298465,-8.860374
1727523413544,-2.9231215,-2.2345533,-10.087822
1727523413554,-4.2032595,-4.822372,-9.325008
1727523413564,-4.0020776,-6.709647,-9.150172
1727523413574,-2.696792,-7.818541,-9.514215
1727523413584,-0.90411985,-7.556287,-9.474697
1727523413594,0.5628296,-6.884484,-9.489067
1727523413604,1.8154248,-6.8725085,-11.838581
1727523413614,2.2525158,-5.684579,-14.299464
1727523413624,2.046544,-3.67875,-13.8683605
1727523413634,1.350791,-2.8452833,-11.454181
1727523413644,0.1963916,-2.9698243,-8.586145
1727523413654,-0.43349853,-4.804409,-10.679392
1727523413664,-1.6010705,-6.8186207,-11.369158
1727523413674,-2.955454,-3.4404457,-6.001919
1727523413684,-2.1842577,-4.021238,-9.029223
1727523413694,-1.7220191,-4.7445335,-9.710607
1727523413704,-1.2561878,-6.9431615,-10.447075
1727523413714,-1.421444,-8.345446,-9.190887
1727523413724,-0.80113405,-9.665101,-7.253317
1727523413734,0.29937744,-12.060121,-6.091732
1727523413744,0.91489744,-14.665902,-4.6319675
1727523413753,0.93286014,-15.793957,-3.2236962
1727523413763,0.7735913,-14.819183,-2.1459374
1727523413773,0.14968872,-12.372671,-1.2549902
1727523413783,-0.554447,-12.399016,-3.9433997
1727523413793,-0.81789917,-12.201427,-6.476133
1727523413803,-1.7747095,-11.458971,-7.2808595
1727523413813,-1.785487,-11.585907,-7.3024144
1727523413823,-0.3436853,-11.941567,-7.179071
1727523413833,0.9077124,-11.846964,-6.9766917
1727523413843,1.2645704,-10.225536,-6.10251
1727523413853,1.5352075,-8.499925,-6.2593837
1727523413863,1.5663428,-7.1539235,-5.9001307
1727523413873,1.1484119,-6.3036914,-4.5780797
1727523413883,0.62989014,-5.346881,-2.8392956
1727523413893,0.0490979,-4.5122166,-2.5027955
1727523413903,-1.2813355,-3.4524207,-1.5687377
1727523413913,-3.0177245,-1.6836988,-1.1280541
1727523413923,-2.711162,-0.085023195,-2.254911
1727523413933,-1.5364051,-0.38080812,-3.5398388
1727523413943,-1.0178833,-2.1507275,-3.5230737
1727523413953,-0.31135255,-4.3146276,-3.3662
1727523413963,0.04670288,-5.722899,-2.4489074
1727523413973,0.57959473,-7.489226,-1.5304174
1727523413983,0.14250366,-7.373068,-0.9340576
1727523413993,-0.0490979,-6.1156826,-2.4321423
1727523414003,-0.432301,-5.5732102,-4.9457154
1727523414013,-0.5340893,-5.1995873,-7.2856493
1727523414023,-0.34248778,-5.6714063,-9.477093
1727523414033,-0.852627,-6.2150755,-10.5620365
1727523414042,-1.2573853,-6.067782,-10.280622
1727523414052,-0.59755737,-7.6892104,-11.619437
1727523414062,0.26584718,-10.317744,-12.5954075
1727523414072,0.7149133,-13.068424,-12.480447
1727523414082,-0.86579955,-15.855029,-12.615766
1727523414092,-1.2717553,-17.44652,-11.09852
1727523414102,0.20118164,-15.975978,-9.309441
1727523414112,1.663341,-13.54623,-7.3634877
1727523414122,1.9291883,-12.108021,-6.3743443
1727523414132,1.7160316,-11.04104,-6.199508
1727523414142,1.3675561,-10.154882,-6.201903
1727523414152,0.41673338,-8.91067,-6.1743603
1727523414162,-0.14609618,-8.764574,-7.8867993
1727523414172,-0.75203615,-9.730965,-10.773995
1727523414182,-1.3052857,-9.765692,-11.255394
1727523414192,-1.726809,-9.644744,-9.375304
1727523414202,-1.477727,-9.935739,-7.1168003
1727523414212,-1.3184582,-9.922565,-4.188889
1727523414222,-1.3364209,-10.312954,-1.653761
1727523414232,-0.66940796,-9.52619,-0.5939648
1727523414242,0.05388794,-8.332273,-2.8620484
1727523414252,0.7149133,-8.01613,-5.867798
1727523414262,0.6622229,-8.161029,-7.225774
1727523414272,0.17842895,-6.9754944,-4.7325587
1727523414282,-0.53169435,-6.758745,-0.3556604
1727523414292,-2.4321423,-6.221063,4.030818
1727523414319,-3.9218445,-7.286847,1.5172448
1727523414329,-3.5913317,-7.6808276,-1.5591577
1727523414339,-2.0657043,-6.676117,0.20118164
1727523414349,0.15208374,-6.483318,1.597478
1727523414359,0.5149292,-7.938292,1.2406201
1727523414369,-1.3950989,-9.88185,2.9075537
1727523414379,-4.4343786,-8.073611,4.127816
1727523414388,-3.9014869,-8.552615,0.10777588
1727523414398,-1.3220508,-8.909472,-0.0119750975
1727523414408,0.62031007,-8.884325,1.6298108
1727523414418,1.531615,-10.635084,-0.32093263
1727523414428,0.5999524,-10.965597,0.4670288
1727523414438,-0.49457154,-11.44939,1.8621277
1727523414448,-1.0813513,-10.9703865,0.25985962
1727523414458,-1.8190173,-11.0123,-2.650089
1727523414468,-2.1363573,-8.885523,-2.13995
1727523414478,-3.0308971,-5.1672544,0.6993457
1727523414488,-2.9231215,-4.127816,3.6703675
1727523414498,-2.1016297,-5.628296,4.990023
1727523414508,-1.775907,-7.2161937,6.156398
1727523414518,-0.5831873,-8.104746,5.696554
1727523414528,0.7113208,-7.8089614,3.7242553
1727523414538,0.7484436,-8.428074,1.2142749
1727523414548,0.2706372,-8.865165,0.3939807
1727523414558,0.022752685,-8.826844,0.5340893
1727523414568,-0.14010864,-8.513097,0.28979737
1727523414578,-0.13412109,-8.412506,-0.58438474
1727523414588,0.2802173,-8.499925,-2.9231215
1727523414598,0.05029541,-10.1333275,-7.3072047
1727523414608,-1.8453625,-9.897418,-7.7359133
1727523414618,-3.08239,-10.21835,-9.895023
1727523414628,-3.5063086,-10.465038,-12.8397
1727523414638,-4.071533,-10.70933,-14.532978
1727523414648,-3.911067,-12.207415,-13.473183
1727523414658,-2.682422,-12.655283,-10.654244
1727523414668,-1.3100756,-12.218192,-8.54064
1727523414677,-0.20956421,-11.850556,-6.1935205
1727523414687,0.69216067,-9.792037,-2.081272
1727523414697,1.1879296,-7.4149804,0.368833
1727523414707,0.92208254,-6.43422,-0.033530273
1727523414717,-0.4047583,-6.12167,1.2394226
1727523414727,-2.2764661,-4.7397437,5.4247193
1727523414737,-3.9805224,-3.9553747,10.080637
1727523414747,-3.5829492,-5.597161,10.990745
1727523414757,-1.9507434,-7.0341725,8.830437
1727523414767,-0.6706055,-7.5251513,6.380332
1727523414777,-0.014370117,-7.8664417,3.8284388
1727523414787,0.8262817,-8.743019,0.47062135
1727523414797,1.5196398,-9.674682,-3.5697765
1727523414807,2.1555176,-9.944121,-7.2557116
1727523414817,2.1902454,-9.393267,-8.155042
1727523414827,2.1064196,-10.15608,-8.158634
1727523414837,-0.29099488,-11.311677,-6.5946865
1727523414847,-4.949308,-12.569062,-5.8342676
1727523414857,-8.702304,-13.413307,-7.266489
1727523414867,-9.0076685,-14.482683,-11.049422
1727523414877,-6.6473765,-14.02284,-11.256592
1727523414887,-3.6116896,-12.056528,-6.688092
1727523414897,-0.5508545,-9.639954,-2.205813
1727523414907,2.2165906,-7.4197707,-0.8202942
1727523414917,3.1398706,-6.697672,0.19040406
1727523414927,2.1459374,-6.673722,-0.15088624
1727523414937,-0.17124389,-6.974297,-0.8190967
1727523414947,-1.6717236,-6.939569,0.77718383
1727523414957,-2.9291089,-6.021079,5.134922
1727523414966,-3.05365,-6.086942,8.076006
1727523414976,-1.658551,-6.377937,7.509584
1727523414986,-0.29578492,-6.274951,5.461842
1727523414996,0.0119750975,-6.319259,3.3398547
1727523415006,-0.38679564,-6.74677,1.3759388
1727523415016,-0.43589357,-8.649613,-2.1052222
1727523415026,-0.040715333,-9.493857,-4.3709106
1727523415036,0.5113367,-10.068662,-4.8894324
1727523415046,1.1579919,-9.272318,-3.0440698
1727523415056,0.75083864,-7.5299416,0.38559815
1727523415066,-1.4968872,-8.538244,-0.5448669
1727523415076,-4.4738965,-11.105705,-3.8080812
1727523415086,-6.234236,-12.614568,-6.937174
1727523415096,-5.948031,-13.978532,-11.260184
1727523415106,-4.7601013,-13.990506,-13.216915
1727523415116,-4.1397915,-13.966557,-11.64698
1727523415126,-3.7218604,-12.807367,-7.515571
1727523415136,-3.009342,-11.06978,-5.022356
1727523415146,-2.5554857,-11.035052,-6.077362
1727523415156,-2.286046,-10.74765,-6.8820887
1727523415166,-2.262096,-9.438772,-7.052135
1727523415176,-1.4238391,-8.381371,-8.0580435
1727523415186,-0.613125,-7.571854,-6.7264123
1727523415196,0.032332763,-7.1215906,0.11975098
1727523415206,0.17842895,-7.604187,7.826924
1727523415216,0.038320314,-7.93949,9.775272
1727523415226,-0.23111938,-7.853269,7.570657
1727523415243,-0.32572266,-6.221063,6.018684
1727523415253,0.06346802,-5.640271,2.8548632
1727523415263,0.6490503,-5.1528845,0.83825684
1727523415273,1.3891113,-5.346881,-0.22513184
1727523415283,1.9471508,-5.8438478,-0.99992067
1727523415293,2.2656884,-6.308481,-1.4286292
1727523415303,1.8848804,-7.3491173,-2.503993
1727523415313,0.17124389,-8.380174,-2.2489233
1727523415323,-2.4764502,-9.093889,-2.2956262
1727523415333,-4.2571473,-10.164463,-5.981561
1727523415343,-5.013973,-12.528347,-11.6374
1727523415353,-4.653523,-14.37371,-15.414346
1727523415363,-4.2319994,-14.512621,-14.869479
1727523415373,-4.2008643,-13.922249,-10.063872
1727523415383,-3.7086878,-12.723541,-5.215155
1727523415393,-2.3195765,-11.128458,-3.7015028
1727523415403,-0.9675879,-10.437495,-4.684658
1727523415413,-0.28740233,-9.29028,-4.6738806
1727523415423,-0.062270507,-7.6317296,-1.7232165
1727523415433,-0.31015503,-6.3671594,2.0920496
1727523415443,-0.44547364,-5.7360716,4.127816
1727523415453,-0.0023950196,-6.461763,4.2822948
1727523415463,0.3436853,-6.9611244,3.885919
1727523415472,0.6646179,-5.9767714,3.4703834
1727523415482,1.0238708,-5.686974,3.121908
1727523415492,1.4813195,-5.442682,1.0562036
1727523415502,1.8717078,-6.7204247,-2.515968
1727523415512,1.8429675,-7.6640625,-3.7314405
1727523415522,1.2250525,-8.167017,-2.5387206
1727523415532,0.613125,-7.509584,0.39757323
1727523415545,-0.016765136,-8.241262,1.0693762
1727523415555,-1.5052698,-10.300979,-0.19878662
1727523415565,-4.622388,-12.030183,1.3819263
1727523415575,-6.3959,-12.191847,0.33769774
1727523415585,-5.101392,-10.811118,-4.2032595
1727523415595,-2.6596692,-8.92025,-7.9083543
1727523415605,-0.32452515,-8.298742,-11.288924
1727523415615,0.43349853,-7.926317,-11.740386
1727523415624,0.8562195,-7.294032,-9.80042
1727523415634,0.22513184,-8.149054,-9.433982
1727523415644,-1.895658,-9.974059,-9.110654
1727523415654,-3.5997143,-10.181228,-8.093968
1727523415664,-4.622388,-8.914263,-7.036567
1727523415674,-4.149371,-6.332432,-6.2402234
1727523415684,-2.7279272,-5.6438637,-6.9132237
1727523415694,-1.113684,-5.732479,-7.8616514
1727523415704,-0.2586621,-6.001919,-8.937016
1727523415714,0.03592529,-6.3863196,-8.909472
1727523415724,0.05987549,-6.444998,-8.325088
1727523415734,-0.068258055,-6.4557753,-8.02571
1727523415744,-0.20956421,-6.500083,-7.9861927
1727523415754,-0.1963916,-6.0222764,-8.067623
1727523415764,-0.05388794,-5.459447,-7.732321
1727523415774,0.038320314,-5.2259326,-7.379055
1727523415784,0.183219,-4.55892,-7.765851
1727523415794,0.31374756,-4.4655137,-8.933423
1727523415804,0.24429199,-5.302573,-10.0626745
1727523415814,0.11855347,-6.3036914,-9.933344
1727523415824,0.120948486,-6.4629602,-8.720266
1727523415834,0.5340893,-6.148015,-7.6053843
1727523415844,0.5999524,-5.653444,-6.891669
1727523415854,0.37721556,-5.7767873,-7.35271
1727523415866,-0.13052857,-5.445077,-8.120314
1727523415876,-0.92328,-4.55892,-9.145382
1727523415886,-1.3004956,-4.125421,-10.76202
1727523415896,-1.7040564,-5.4319043,-11.712843
1727523415906,-2.5614734,-6.739585,-10.436297
1727523415916,-2.3602917,-8.194559,-9.891431
1727523415926,-1.5867004,-8.090376,-9.036408
1727523415936,-0.48738647,-8.590935,-8.323891
1727523415946,-0.52450925,-9.9010105,-7.1778736
1727523415956,-1.5759228,-10.70454,-6.3036914
1727523415966,-1.407074,-11.38233,-6.6629443
1727523415976,-0.37003052,-11.917617,-7.6808276
1727523415986,-0.2945874,-11.054213,-6.791078
1727523415996,-0.3329077,-9.3453665,-6.2354336
1727523416006,0.05867798,-6.053412,-6.0222764
1727523416016,0.7580237,-2.4968078,-7.4485106
1727523416025,0.7484436,-0.92567503,-9.448352
1727523416035,0.04790039,-1.905238,-11.336825
1727523416045,-0.031135254,-3.0296998,-12.395424
1727523416055,-0.91010743,-4.29427,-12.139156
1727523416065,-1.966311,-5.9444385,-12.118799
1727523416075,-2.3686743,-6.946754,-11.446996
1727523416085,-1.52922,-7.0317774,-10.49258
1727523416095,-0.017962646,-6.060597,-10.678195
1727523416105,2.0920496,-5.142107,-13.325889
1727523416115,2.7123597,-3.0285022,-13.24326
1727523416125,1.7136365,-3.9026842,-11.855347
1727523416135,0.6394702,-3.3470397,-8.115523
1727523416145,-1.6202307,-2.1902454,-4.0200405
1727523416155,-3.554209,-4.3792934,-3.8727465
1727523416165,-4.463119,-7.0233946,-4.93374
1727523416175,-4.319418,-7.699988,-5.6654186
1727523416185,-1.8848804,-5.6342835,-5.884563
1727523416195,0.48379394,-2.9470716,-6.4174547
1727523416205,1.9196081,-1.2502002,-7.9059596
1727523416215,2.2405407,-1.421444,-9.796827
1727523416225,0.58438474,-3.502716,-11.013497
1727523416235,-1.1484119,-5.5600376,-10.69975
1727523416245,-1.7315991,-6.1983104,-9.57888
1727523416255,-1.4765296,-6.478528,-9.4507475
1727523416265,-1.4010864,-6.221063,-8.975336
1727523416275,-0.9244775,-5.5073476,-8.8879175
1727523416285,-0.9951306,-4.4894643,-8.847202
1727523416295,-1.0981164,-4.60682,-8.05924
1727523416305,-1.3184582,-6.551576,-7.316785
1727523416315,-1.8705102,-9.740544,-6.941964
1727523416324,-2.3387365,-12.382251,-6.7623377
1727523416334,-1.8453625,-11.361973,-6.3935046
1727523416344,-0.32811767,-9.401649,-8.357421
1727523416354,-0.25387207,-7.5981994,-9.735754
1727523416364,-0.76760375,-6.011499,-9.884246
1727523416374,-0.92208254,-5.4738173,-9.315429
1727523416384,-0.6598279,-8.1071415,-10.366842
1727523416394,-1.2921131,-9.54535,-7.8616514
1727523416404,-1.1987072,-10.324929,-6.2031007
1727523416414,-0.5616321,-9.297466,-4.7517185
1727523416424,0.41433838,-6.563551,-4.758904
1727523416434,0.737666,-2.8919861,-6.0342517
1727523416444,0.7723938,-0.1963916,-8.469987
1727523416454,-0.104183346,-1.0490185,-11.202703
1727523416464,-1.5495776,-4.362528,-11.741583
1727523416474,-2.2261705,-7.5275464,-11.63261
1727523416484,-1.8202149,-7.8963795,-9.966874
1727523416494,-1.3855188,-7.885602,-8.689131
1727523416504,-0.55923706,-7.3119946,-8.1143265
1727523416514,0.69216067,-6.7922754,-9.054371
1727523416524,1.2202624,-6.5575633,-9.503437
1727523416534,1.3639636,-6.1108923,-9.778865
1727523416544,1.2573853,-6.730005,-10.679392
1727523416554,1.3388159,-8.351433,-12.360696
1727523416564,0.8346643,-6.9826794,-11.049422
1727523416574,0.8083191,-5.7684045,-12.160711
1727523416584,1.0633887,-4.052373,-14.12343
1727523416594,-0.08861572,-1.9639161,-12.604988
1727523416604,-2.1016297,0.8705896,-10.359657
1727523416614,-5.3504734,2.7075696,-9.903406
1727523416624,-6.3348265,-1.5567627,-11.06499
1727523416633,-5.9959316,-6.5216384,-7.571854
1727523416643,-3.7529955,-9.287886,-4.0823107
1727523416653,-0.8825647,-10.870994,-3.1793885
1727523416663,0.9172925,-12.052936,-3.3566198
1727523416673,2.1136048,-13.427677,-4.64514
1727523416683,1.4908997,-13.47917,-4.757706
1727523416693,0.10897339,-11.136841,-4.0823107
1727523416703,-0.84065187,-8.859178,-4.380491
1727523416713,-2.4225624,-7.482041,-4.536167
1727523416723,-3.3278797,-6.5120583,-4.0344105
1727523416733,-3.2177088,-6.819818,-4.811594
1727523416743,-2.015409,-9.083112,-6.194718
1727523416753,-0.429906,-11.266171,-6.5036755
1727523416763,0.6753955,-13.227693,-5.1313295
1727523416773,0.9029224,-14.713802,-2.8369007
1727523416783,1.0250684,-15.584393,-2.4656725
1727523416793,1.0693762,-14.659915,-2.389032
1727523416803,1.0071057,-12.516372,-3.7015028
1727523416813,0.37721556,-10.435101,-5.2403026
1727523416823,-0.7819739,-7.835306,-5.874983
1727523416833,-1.3400134,-5.180427,-6.0737696
1727523416843,-1.8693128,-4.045188,-5.7636147
1727523416853,-2.2561083,-4.5888577,-4.7038183
1727523416863,-2.3602917,-5.7923546,-3.427273
1727523416873,-3.0165272,-7.028185,-1.1927197
1727523416883,-2.870431,-7.418573,0.38559815
1727523416893,-2.9710217,-6.6916847,2.2441332
1727523416903,-2.8488758,-5.591173,2.9985645
1727523416913,-2.1040246,-4.726571,1.8357825
1727523416923,-1.5483801,-4.2799,0.552052
1727523416933,-1.2154725,-4.58287,-1.1280541
1727523416942,-1.0346484,-5.1157618,-2.994972
1727523416952,-1.1759546,-5.863008,-4.494254
1727523416962,-1.0262659,-7.2078114,-5.5432725
1727523416972,-0.6215076,-7.8796144,-5.597161
1727523416982,-0.05628296,-7.6425076,-6.339617
1727523416992,0.064665526,-7.868837,-7.8161464
1727523417002,-0.183219,-8.909472,-7.4101906
1727523417012,-1.1424243,-8.747808,-4.636758
1727523417022,-1.341211,-9.031619,-4.0200405
1727523417032,-0.91609496,-10.641071,-4.679868
1727523417042,-1.3280383,-11.625424,-4.0583606
1727523417052,-1.83698,-12.027788,-3.8200562
1727523417062,-1.9962487,-12.861255,-4.7277684
1727523417072,-1.9160156,-13.158237,-5.269043
1727523417082,-1.895658,-12.5810375,-4.660708
1727523417092,-1.8764977,-12.755874,-5.1792297
1727523417102,-1.2525952,-12.53673,-5.989944
1727523417112,-0.32452515,-11.832594,-6.243816
1727523417122,0.0011975098,-12.425362,-5.0307384
1727523417132,0.31015503,-12.106824,0.028740235
1727523417142,1.463357,-10.5764065,4.470304
1727523417152,1.6848962,-8.637638,3.969745
1727523417162,0.17363891,-7.782616,1.9854712
1727523417172,-3.8188586,-6.595884,1.9507434
1727523417182,-9.089099,-6.14083,1.8525476
1727523417192,-8.825647,-6.5767236,2.77463
1727523417202,-2.9674292,-5.8187,6.165978
1727523417212,1.3376184,-5.0403185,7.331155
1727523417222,-2.4273522,-5.454657,7.728728
1727523417232,-6.236631,-6.055807,7.146738
1727523417253,-3.7745507,-5.0630713,3.6775525
1727523417263,-2.6776319,-4.1709266,1.1460168
1727523417273,-3.1722033,-3.9194496,1.5352075
1727523417282,-3.0943651,-4.6175976,2.5554857
1727523417292,-3.206931,-5.5241127,3.5326538
1727523417302,-3.422483,-6.3108764,4.8810496
1727523417312,-3.4572108,-6.907236,5.315746
1727523417322,-3.4069152,-7.7419004,4.8894324
1727523417332,-3.2476466,-8.465197,4.4954515
1727523417342,-2.7219398,-9.024433,3.202141
1727523417352,-2.0728893,-9.892628,1.658551
1727523417362,-2.066902,-10.984757,0.4897815
1727523417372,-2.4225624,-11.850556,0.39996827
1727523417382,-2.1267774,-13.028906,1.2525952
1727523417392,-1.4561719,-12.775034,1.0130932
1727523417402,-0.39996827,-12.960649,-1.6082556
1727523417412,0.40954834,-12.77743,-3.004552
1727523417422,0.37122804,-13.397739,-5.1672544
1727523417432,-1.8285974,-14.6671,-4.8582973
1727523417442,-3.2201037,-12.481645,-1.0502161
1727523417452,-3.7015028,-10.024354,2.4656725
1727523417462,-3.6895275,-8.532257,4.3493557
1727523417472,-3.7170703,-7.4856334,3.2787817
1727523417482,-3.7266505,-7.1826634,-0.17363891
1727523417492,-3.4440382,-7.5107813,-4.030818
1727523417502,-2.75068,-7.476053,-7.164701
1727523417512,-2.2956262,-7.2461314,-9.8519125
1727523417522,-2.015409,-6.234236,-10.848241
1727523417532,-1.6250207,-6.3815293,-11.466156
1727523417542,-0.77838135,-6.837781,-10.693762
1727523417552,-0.24548951,-7.204219,-8.957373
1727523417562,-0.30296996,-7.739506,-7.274872
1727523417572,-0.86699706,-7.540719,-4.766089
1727523417582,-1.1340418,-7.266489,-3.913462
1727523417592,-1.3400134,-7.1778736,-5.442682
1727523417601,-1.5088623,-6.441405,-6.829398
1727523417611,-1.6765137,-4.8235693,-6.9192114
1727523417621,-1.3903089,-3.9002893,-7.96823
1727523417631,-1.1376343,-4.00567,-9.220825
1727523417641,-1.0130932,-4.5768824,-9.751322
1727523417651,-1.3615686,-4.9600854,-7.662865
1727523417661,-1.0023156,-5.245093,-6.441405
1727523417671,-0.798739,-6.1324477,-6.3048887
1727523417685,-0.81550413,-7.9933777,-6.680907
1727523417695,-1.0873389,-8.675959,-6.4485903
1727523417705,-1.5352075,-7.4568934,-5.9492283
1727523417715,-1.2813355,-6.0761647,-7.0653076
1727523417725,-1.4741346,-5.2283278,-8.091574
1727523417735,-1.9232007,-5.3408937,-8.816067
1727523417745,-2.325564,-5.8438478,-8.698711
1727523417755,-2.3998096,-6.4162574,-8.412506
1727523417765,-2.5590785,-6.9060388,-7.747888
1727523417775,-2.2585034,-7.203021,-7.8029737
1727523417784,-1.4298266,-6.5012803,-7.5538917
1727523417794,-0.9089099,-5.7133193,-7.6029897
1727523417804,-1.0574012,-5.116959,-7.8329115
1727523417814,-1.3268409,-5.108577,-8.086783
1727523417824,-1.5088623,-5.301376,-7.796986
1727523417834,-1.585503,-6.605464,-8.074808
1727523417844,-1.7459693,-7.4568934,-7.812554
1727523417854,-1.607058,-7.6736426,-7.4461155
1727523417864,-1.4585669,-8.171806,-7.394623
1727523417874,-1.299298,-8.481961,-7.171886
1727523417884,-1.1903247,-8.137079,-6.878496
1727523417894,-1.113684,-6.753955,-6.4629602
1727523417904,-0.97477293,-5.2989807,-6.9874697
1727523417914,-1.0705737,-4.428391,-8.244855
1727523417924,-1.1352392,-4.125421,-8.608898
1727523417934,-1.2765454,-4.8080015,-8.966953
1727523417944,-1.2933105,-5.1720448,-8.370593
1727523417954,-1.104104,-5.5588403,-8.493937
1727523417964,-0.8107141,-6.636599,-10.12255
1727523417974,-0.93765014,-7.5670643,-10.884167
1727523417984,-1.4717395,-7.1275783,-9.347761
1727523417994,-1.6250207,-6.4174547,-7.883207
1727523418004,-1.8226099,-5.9192905,-7.350315
1727523418014,-1.7028589,-5.82349,-8.398136
1727523418024,-2.0633094,-4.646338,-8.137079
1727523418034,-2.3519092,-3.439248,-7.3754625
1727523418044,-1.7232165,-3.8487964,-9.623188
1727523418054,-1.1400293,-4.9648757,-13.057647
1727523418064,-1.8729053,-6.508466,-14.218034
1727523418074,-2.7782226,-7.780221,-13.293556
1727523418084,-3.1434631,-8.284372,-11.587105
1727523418094,-3.1494508,-7.850874,-9.914184
1727523418103,-3.2524366,-6.724017,-7.625742
1727523418113,-2.703977,-5.908513,-7.6425076
1727523418123,-2.1016297,-5.54926,-8.516689
1727523418133,-2.2489233,-5.2331176,-8.33347
1727523418143,-2.682422,-5.1552796,-8.289163
1727523418153,-3.1590307,-4.973258,-8.426876
1727523418163,-3.7038977,-4.8523097,-8.546627
1727523418173,-4.0631504,-5.090614,-8.654403
1727523418183,-4.038003,-5.271438,-8.737031
1727523418193,-3.627257,-5.5708156,-9.19448
1727523418203,-2.8105555,-5.429509,-9.692644
1727523418213,-2.6584716,-5.0163684,-9.951306
1727523418223,-3.0273046,-4.9361353,-9.977652
1727523418233,-3.6559973,-5.0558863,-8.998089
1727523418243,-4.454736,-5.247488,-7.8173437
1727523418253,-5.1145644,-5.6654186,-6.894064
1727523418263,-5.6019506,-6.3994923,-6.277346
1727523418273,-5.483397,-6.9623218,-5.742059
1727523418283,-4.8355446,-7.225774,-5.7348742
1727523418293,-4.132606,-7.860454,-6.844966
1727523418303,-4.1074586,-8.029303,-7.4736586
1727523418313,-4.5984373,-7.5131764,-6.9826794
1727523418323,-4.7541137,-7.155121,-6.8808913
1727523418333,-4.867877,-7.232959,-7.0820727
1727523418343,-4.7277684,-7.3778577,-7.4329433
1727523418353,-4.5038342,-7.274872,-7.6425076
1727523418363,-4.3122325,-6.991062,-7.7514806
1727523418373,-4.008065,-6.365962,-7.796986
1727523418383,-3.9613624,-5.957611,-7.804171
1727523418393,-4.245172,-5.598358,-7.3922276
1727523418403,-4.4715014,-5.9635987,-6.9946547
1727523418413,-4.91937,-6.676117,-6.1444225
1727523418422,-5.20318,-7.274872,-4.0751257
1727523418432,-5.004393,-8.879535,-3.0596375
1727523418442,-4.8403344,-9.921369,-1.8190173
1727523418452,-4.4271936,-9.402846,-1.5483801
1727523418462,-3.6308496,-8.788525,-3.8332288
1727523418472,-3.6332445,-7.692803,-5.698949
1727523418482,-3.6943176,-6.3276415,-6.42943
1727523418492,-4.064348,-5.5780005,-6.7204247
1727523418502,-4.2260118,-5.20797,-6.42943
1727523418512,-4.373306,-5.146897,-5.9288707
1727523418522,-4.1661363,-5.069059,-5.938451
1727523418532,-4.0200405,-5.088219,-6.086942
1727523418542,-3.925437,-4.939728,-6.246211
1727523418552,-4.2667274,-4.773274,-6.2893214
1727523418562,-4.567302,-4.90979,-6.0150914
1727523418572,-4.511019,-4.6247826,-5.7276893
1727523418582,-3.8511915,-4.987628,-7.533534
1727523418592,-3.5625916,-6.023474,-9.639954
1727523418602,-4.3002577,-5.8558226,-8.960965
1727523418612,-4.4415636,-5.8151073,-8.377778
1727523418622,-3.935017,-6.12646,-8.235274
1727523418632,-3.9948926,-6.822213,-7.897577
1727523418642,-3.8703516,-7.01142,-7.545509
1727523418652,-3.3470397,-7.1898484,-8.207732
1727523418662,-3.302732,-6.6773143,-8.169412
1727523418672,-3.4667907,-6.1073,-8.762179
1727523418682,-3.7949085,-5.5612354,-9.193282
1727523418692,-4.237987,-5.2283278,-8.825647
1727523418702,-4.4571314,-5.0798364,-8.034093
1727523418712,-4.174519,-5.134922,-7.9011693
1727523418722,-3.8895118,-5.1289344,-8.525072
1727523418732,-3.866759,-4.528982,-9.087902
1727523418741,-3.634442,-3.8727465,-9.959689
1727523418751,-3.5434313,-3.6751575,-10.488988
1727523418761,-3.615282,-4.125421,-10.223141
1727523418771,-3.8966968,-5.1504893,-9.554931
1727523418781,-4.364923,-5.379214,-8.008945
1727523418791,-4.3002577,-5.271438,-7.550299
1727523418801,-4.003275,-5.132527,-8.115523
1727523418811,-4.0894957,-4.7612987,-8.800499
1727523418821,-4.00567,-4.4020457,-9.569301
1727523418831,-3.730243,-4.179309,-10.019565
1727523418841,-3.5853443,-4.528982,-9.886641
1727523418851,-3.6380346,-4.325405,-9.125025
1727523418861,-3.4200878,-4.4966493,-9.174122
1727523418871,-3.1817834,-4.9205675,-9.528585
1727523418881,-3.1207104,-4.798422,-9.284293
1727523418891,-2.6524842,-4.851112,-9.388476
1727523418901,-2.6848168,-4.1529636,-8.129894
1727523418911,-2.4764502,-4.4032435,-8.960965
1727523418921,-2.933899,-4.87626,-9.392069
1727523418931,-3.9577699,-5.2019825,-8.3957405
1727523418941,-4.487069,-5.464237,-7.94907
1727523418951,-4.57329,-5.4965696,-8.511899
1727523418961,-4.9014072,-4.9924183,-8.800499
1727523418971,-4.9385304,-4.5325747,-9.372909
1727523418981,-4.679868,-4.528982,-9.715397
1727523418991,-4.834347,-4.6810656,-9.480685
1727523419001,-5.0678616,-5.100194,-8.325088
1727523419011,-4.9457154,-5.330116,-7.874824
1727523419021,-4.6259804,-5.332511,-8.504714
1727523419031,-4.309838,-5.180427,-9.1130495
1727523419041,-3.9014869,-5.53968,-9.556128
1727523419051,-3.8954992,-6.3108764,-9.126222
1727523419060,-3.849994,-6.018684,-7.5778418
1727523419070,-3.3362622,-5.373226,-7.3634877
1727523419080,-3.297942,-4.021238,-8.316706
1727523419090,-3.615282,-2.4153771,-10.059082
1727523419100,-4.059558,-0.09939331,-10.856624
1727523419110,-3.5625916,1.1927197,-11.381133
1727523419120,-3.4847534,0.27542725,-11.402688
1727523419130,-4.242777,-2.3998096,-10.368039
1727523419140,-4.9600854,-4.9457154,-8.6136875
1727523419150,-4.90979,-5.7312818,-7.1658983
1727523419160,-4.174519,-5.548063,-8.23288
1727523419170,-3.681145,-5.1756372,-9.989627
1727523419180,-3.0883777,-4.8918276,-11.497292
1727523419190,-2.9159362,-5.1876125,-11.522439
1727523419200,-3.5925293,-4.517007,-9.461525
1727523419210,-3.39015,-3.3662,-7.6053843
1727523419220,-2.858456,-3.2057335,-7.7598634
1727523419230,-2.9171338,-3.1817834,-8.685538
1727523419240,-3.2308815,-2.767445,-9.441167
1727523419250,-3.4069152,-2.4704626,-10.083033
1727523419260,-3.6488123,-2.875221,-11.1392355
1727523419270,-3.8320312,-3.8068836,-11.749966
1727523419280,-3.7577856,-5.0175657,-10.899734
1727523419290,-3.578159,-5.604346,-9.365724
1727523419300,-3.3554223,-5.830675,-8.59333
1727523419310,-3.2775843,-5.6558385,-7.932305
1727523419320,-3.0871801,-5.0259485,-8.630453
1727523419330,-2.884801,-4.126619,-10.139316
1727523419340,-3.1135254,-3.3578174,-11.147618
1727523419350,-3.5230737,-3.0344896,-10.69975
1727523419360,-4.070336,-2.9746141,-9.626781
1727523419370,-4.684658,-3.0931678,-7.812554
1727523419379,-4.9996033,-3.4823585,-6.277346
1727523419389,-5.22713,-4.172124,-5.6318884
1727523419399,-5.2091675,-4.8750625,-6.316864
1727523419409,-5.2175503,-5.022356,-7.8377013
1727523419419,-4.8822474,-4.678671,-9.508227
1727523419429,-4.8355446,-3.9924974,-10.621912
1727523419439,-4.648733,-3.1841784,-10.924882
1727523419449,-4.390071,-2.6836195,-10.365644
1727523419459,-4.1757164,-2.9195287,-9.711804
1727523419469,-4.30385,-3.2548316,-8.62207
1727523419479,-4.648733,-3.378175,-7.7838135
1727523419489,-4.694238,-3.478766,-8.437654
1727523419499,-4.5684996,-3.6308496,-9.292676
1727523419509,-4.160149,-4.2571473,-9.632769
1727523419519,-3.9481897,-5.102589,-9.084309
1727523419529,-3.7218604,-5.6390734,-8.30473
1727523419539,-3.251239,-5.9588084,-7.62694
1727523419549,-3.065625,-5.6977515,-7.3048096
1727523419559,-3.0943651,-4.975653,-7.444918
1727523419569,-3.3422499,-4.277505,-7.8161464
1727523419579,-3.5410364,-3.744613,-8.469987
1727523419589,-3.6116896,-3.4620008,-9.090297
1727523419599,-3.6092944,-2.938689,-9.987231
1727523419609,-3.2560291,-2.884801,-10.934462
1727523419619,-3.08239,-3.5003211,-11.3080845
1727523419629,-3.178191,-4.0655456,-10.691367
1727523419639,-3.36141,-4.2559495,-9.680669
1727523419649,-3.368595,-4.30385,-8.929831
1727523419659,-3.1422656,-4.390071,-9.326206
1727523419669,-2.9770093,-4.235592,-9.703422
1727523419679,-3.1698084,-4.052373,-10.241103
1727523419688,-3.3985326,-3.7194653,-10.018367
1727523419698,-3.6751575,-3.558999,-9.990824
1727523419708,-3.556604,-3.6140845,-10.166858
1727523419718,-3.558999,-4.4487486,-9.926159
1727523419728,-3.4715807,-5.3708315,-8.547825
1727523419738,-3.2296839,-5.2630553,-7.6389146
1727523419748,-2.753075,-5.0726514,-8.65081
1727523419758,-3.4572108,-4.179309,-9.570498
1727523419768,-4.3685155,-3.4608033,-10.648257
1727523419778,-4.517007,-3.3518298,-11.502081
1727523419788,-4.079916,-3.6751575,-11.62303
1727523419798,-3.5230737,-3.8487964,-11.177556
1727523419808,-3.4751732,-4.3218126,-10.698552
1727523419818,-3.859574,-4.0954833,-9.414822
1727523419828,-4.2200246,-3.5134935,-8.928633
1727523419838,-4.3230104,-3.5039136,-9.254355
1727523419848,-4.2655296,-4.191284,-9.86269
1727523419858,-3.9924974,-5.19839,-10.4003725
1727523419868,-3.6643798,-6.1959157,-10.195599
1727523419878,-3.5817518,-6.6377964,-9.029223
1727523419888,-3.424878,-6.444998,-7.721543
1727523419898,-3.3769774,-6.540798,-7.4568934
1727523419908,-3.321892,-6.347999,-7.509584
1727523419918,-3.305127,-6.011499,-7.1203933
1727523419928,-3.424878,-5.4678297,-7.0389624
1727523419938,-3.5122962,-4.870272,-6.971902
1727523419948,-3.4643958,-4.6104126,-7.5107813
1727523419958,-3.7158728,-4.536167,-7.9035645
1727523419968,-4.2343946,-4.646338,-7.739506
1727523419978,-4.5469446,-4.860692,-7.470066
1727523419988,-4.8247666,-5.413942,-7.533534
1727523419997,-4.851112,-5.669011,-7.1611085
1727523420007,-4.435576,-5.9707837,-7.162306
1727523420017,-4.1876917,-5.9683886,-7.249724
1727523420027,-4.014053,-5.3121533,-7.5670643
1727523420037,-4.263135,-4.453539,-8.078401
1727523420047,-4.7541137,-3.7134778,-8.490344
1727523420057,-5.301376,-3.1638207,-8.746612
1727523420067,-5.564828,-3.38536,-8.745414
1727523420077,-5.357659,-4.126619,-8.923842
1727523420087,-5.085824,-5.351671,-8.534652
1727523420097,-4.6475353,-6.108497,-7.149133
1727523420107,-4.1661363,-6.2330384,-6.085745
1727523420117,-3.5793567,-6.4641576,-6.5863037
1727523420127,-3.2943494,-6.4653554,-7.6149645
1727523420137,-3.505111,-5.6438637,-8.268805
1727523420147,-3.5087037,-4.6271777,-8.916657
1727523420157,-3.732638,-4.204457,-10.144105
1727523420167,-3.998485,-4.5050316,-10.322535
1727523420177,-4.1290135,-4.940925,-9.55972
1727523420187,-4.0332127,-5.405559,-8.969348
1727523420197,-3.849994,-6.4438,-8.6699705
1727523420207,-3.6512072,-6.70845,-8.298742
1727523420217,-3.321892,-5.8498354,-7.494016
1727523420227,-2.5830286,-4.884642,-8.121511
1727523420237,-1.7627344,-4.5146117,-9.017248
1727523420247,-1.8118323,-4.8966174,-8.8951025
1727523420257,-2.3339465,-5.2498827,-7.4688683
1727523420267,-2.0046313,-6.1073,-7.0006423
1727523420277,-1.6334033,-6.3515916,-7.4161777
1727523420286,-2.020199,-6.243816,-8.307125
1727523420296,-2.9602442,-5.357659,-9.103469
1727523420306,-3.485951,-4.575685,-9.625584
1727523420316,-3.5841467,-4.614005,-10.583591
1727523420326,-3.6033068,-5.134922,-10.904524
1727523420336,-3.2883618,-5.4810023,-10.1333275
1727523420346,-2.8967762,-5.5133348,-9.263935
1727523420356,-2.5602758,-5.292993,-8.957373
1727523420366,-2.5219555,-5.0103807,-9.425599
1727523420376,-2.6165588,-4.9744554,-9.977652
1727523420386,-2.9985645,-4.716991,-10.018367
1727523420396,-3.1674132,-4.790039,-10.734478
1727523420406,-3.4691858,-4.670288,-10.940449
1727523420416,-4.0260277,-4.0272255,-10.091414
1727523420426,-4.325405,-3.0644274,-9.613608
1727523420436,-4.022435,-2.290836,-9.469907
1727523420446,-3.561394,-2.066902,-9.695039
1727523420456,-3.2763867,-2.3674767,-9.279503
1727523420466,-3.6116896,-2.8153455,-8.668774
1727523420476,-3.7230577,-3.0799952,-8.126301
1727523420486,-4.1397915,-3.1578333,-8.077204
1727523420496,-4.566105,-3.0931678,-8.483159
1727523420506,-4.477489,-3.2129188,-9.097482
1727523420516,-4.2810974,-3.4572108,-9.105865
1727523420526,-3.9386096,-3.6943176,-8.709489
1727523420536,-3.4428406,-3.9829175,-8.519085
1727523420546,-3.2991395,-4.472699,-8.303533
1727523420556,-3.67875,-4.821174,-7.8664417
1727523420566,-3.7721558,-5.24629,-7.860454
1727523420576,-4.1074586,-5.8654027,-8.103549
1727523420586,-4.599635,-5.964796,-7.926317
1727523420596,-4.223617,-5.722899,-7.9179344
1727523420605,-3.4991236,-5.046306,-8.634046
1727523420615,-3.2596216,-4.435576,-9.934541
1727523420625,-3.8248463,-3.9386096,-10.259067
1727523420635,-4.5397596,-4.021238,-9.624386
1727523420645,-5.2307224,-4.756509,-8.788525
1727523420655,-5.53968,-5.3696337,-8.277187
1727523420665,-5.1720448,-5.716912,-8.454419
1727523420675,-4.8822474,-5.3828063,-8.262817
1727523420685,-4.399651,-4.719386,-8.608898
1727523420695,-4.1924815,-4.149371,-9.429192
1727523420705,-4.199667,-3.97693,-10.427915
1727523420715,-4.5074267,-3.6284547,-10.594369
1727523420725,-4.7864466,-3.8523889,-10.413545
1727523420735,-4.9361353,-4.123026,-9.096284
1727523420745,-4.7325587,-4.3840833,-7.6401124
1727523420755,-4.1469765,-5.3121533,-7.67005
1727523420765,-3.8583765,-5.691764,-7.0641103
1727523420775,-3.786526,-5.7827744,-7.084468
1727523420785,-3.5877392,-5.5516553,-7.9454775
1727523420795,-3.8871167,-4.804409,-8.576565
1727523420805,-4.311035,-4.374503,-8.668774
1727523420815,-4.975653,-4.135001,-8.447234
1727523420825,-5.221143,-3.8188586,-8.417296
1727523420835,-5.4115467,-3.5398388,-8.297545
1727523420845,-5.156477,-3.4560132,-8.811276
1727523420855,-4.780459,-3.5218763,-9.710607
1727523420865,-4.477489,-3.4404457,-10.194401
1727523420875,-4.3206153,-3.624862,-10.230326
1727523420885,-4.414021,-3.8188586,-9.874665
1727523420895,-4.614005,-3.9410048,-8.90109
1727523420905,-4.5541296,-3.4655933,-8.455616
1727523420915,-4.169729,-3.3913476,-9.011261
1727523420925,-4.064348,-3.671565,-9.393267
1727523420935,-3.8236487,-4.3445654,-9.769284
1727523420944,-3.4260755,-5.372029,-10.223141
1727523420954,-3.4260755,-5.7528367,-9.916578
1727523420964,-3.3817675,-5.351671,-9.295071
1727523420974,-3.014132,-4.709806,-9.026829
1727523420984,-3.1326857,-4.277505,-8.681946
1727523420994,-3.458408,-4.1936793,-8.33347
1727523421004,-3.5673816,-4.162544,-8.28078
1727523421014,-3.493136,-3.998485,-8.246052
1727523421024,-3.38536,-3.9960902,-8.935818
1727523421034,-3.5997143,-3.5218763,-9.439969
1727523421044,-3.6775525,-3.3470397,-10.13692
1727523421054,-3.5278637,-3.7170703,-10.615924
1727523421064,-3.4500256,-3.8847218,-10.205178
1727523421074,-2.8907886,-4.0463853,-10.050699
1727523421084,-2.623744,-4.076323,-9.768087
1727523421094,-2.6884093,-3.9996827,-9.310638
1727523421104,-2.8548632,-3.8775365,-9.16574
1727523421114,-2.875221,-3.8535864,-9.711804
1727523421124,-3.3290772,-3.3673975,-10.059082
1727523421134,-3.66917,-3.1985486,-10.431507
1727523421144,-3.6452198,-3.1745985,-10.751243
1727523421154,-3.2775843,-3.3841627,-11.003918
1727523421164,-2.7961853,-3.849994,-11.312875
1727523421174,-2.9446764,-4.4032435,-10.497371
1727523421184,-3.4919386,-4.404441,-8.566985
1727523421194,-3.4200878,-3.8895118,-7.834109
1727523421204,-3.2739916,-3.7003052,-8.576565
1727523421214,-3.6571949,-4.932543,-9.017248
1727523421224,-4.0368056,-5.918093,-8.611293
1727523421234,-4.0954833,-5.9755735,-7.6221495
1727523421244,-4.113446,-6.138435,-7.5419164
1727523421253,-4.1529636,-5.9216857,-8.171806
1727523421263,-4.4128237,-5.5372853,-8.835227
1727523421273,-4.548142,-4.9085927,-9.638756
1727523421283,-4.2152343,-4.8235693,-10.366842
1727523421293,-4.061953,-4.931345,-10.75723
1727523421303,-3.9829175,-6.180348,-11.03625
1727523421313,-4.1122484,-6.6234264,-9.427995
1727523421323,-4.0188427,-6.659352,-7.146738
1727523421333,-4.157754,-6.492898,-5.18881
1727523421343,-4.096681,-7.3072047,-4.6714854
1727523421353,-3.9733374,-7.2341566,-4.014053
1727523421363,-3.8954992,-6.983877,-3.923042
1727523421373,-3.8943017,-6.9527416,-3.4715807
1727523421383,-4.331393,-7.571854,-2.982997
1727523421393,-5.004393,-8.240065,-1.595083
1727523421403,-5.3768187,-9.419612,-0.44427612
1727523421413,-5.518125,-10.443482,-0.020357667
1727523421423,-5.459447,-10.722503,-0.069455564
1727523421433,-5.598358,-10.829081,-0.91849
1727523421443,-5.4750147,-10.624307,-2.227368
1727523421453,-5.269043,-9.875863,-3.1470556
1727523421463,-4.9217653,-8.52148,-2.889591
1727523421473,-4.388873,-7.2784643,-2.5542884
1727523421483,-3.9733374,-6.1743603,-1.465752
1727523421493,-4.0116577,-5.9300685,-0.24309449
1727523421503,-4.315825,-6.526428,1.3663586
1727523421513,-4.787644,-7.701185,2.9446764
1727523421523,-5.0307384,-8.878338,3.7841308
1727523421533,-5.1145644,-9.224418,3.805686
1727523421543,-4.9038024,-8.435259,2.8907886
1727523421553,-4.5002418,-7.0257897,2.1267774
1727523421563,-4.360133,-5.659431,1.9387683
1727523421572,-4.3134303,-4.8523097,2.1674926
1727523421582,-4.1829014,-4.8594947,2.6560767
1727523421592,-4.111051,-5.4259167,3.6823425
1727523421602,-4.4331813,-6.255791,4.5888577
1727523421612,-4.8247666,-6.9754944,4.9552956
1727523421622,-5.054689,-7.2832546,5.037924
1727523421632,-5.0487013,-6.916816,4.9085927
1727523421642,-4.8163843,-6.4066772,4.7349534
1727523421652,-4.8259645,-5.6642213,4.7553115
1727523421662,-4.9433203,-4.502637,4.296665
1727523421672,-4.918173,-3.7134778,4.0667434
1727523421682,-4.9038024,-3.7589831,4.324208
1727523421692,-5.021158,-3.8990917,4.6343627
1727523421702,-5.3480787,-4.5205994,4.667893
1727523421712,-5.5265074,-4.6966333,5.391189
1727523421722,-5.6366787,-4.4882665,5.652246
1727523421732,-5.6175184,-3.7673657,5.5133348
1727523421742,-5.2798204,-3.5003211,5.393584
1727523421752,-5.4067564,-3.321892,5.442682
1727523421762,-5.4510646,-3.4655933,6.0150914
1727523421804,-5.7348742,-3.7434156,6.1935205
1727523421814,-5.742059,-4.0739284,6.963519
1727523421824,-5.694159,-4.3002577,6.2941113
1727523421834,-5.557643,-3.7242553,6.3048887
1727523421844,-5.4798045,-3.1003528,6.295309
1727523421854,-5.386399,-2.4237597,6.2653713
1727523421864,-5.532495,-2.0130138,5.9061184
1727523421873,-5.739664,-1.7351917,5.669011
1727523421883,-5.901328,-1.9208057,5.522915
1727523421893,-5.806725,-2.4608827,5.5923705
1727523421903,-5.739664,-2.5099804,5.6342835
1727523421913,-5.542075,-2.579436,5.3708315
1727523421923,-5.1947975,-2.5471032,5.085824
1727523421933,-5.029541,-2.501598,4.9864306
1727523421943,-5.1684523,-2.4752526,4.996011
1727523421953,-5.285808,-2.4393275,5.126539
1727523421963,-5.598358,-2.459685,5.2726355
1727523421973,-5.653444,-2.757865,5.1924024
1727523421983,-5.694159,-2.9279113,5.1624646
1727523421993,-5.7121215,-3.0991552,5.2187476
1727523422003,-5.629493,-3.2692018,5.239105
1727523422013,-5.4798045,-3.6045043,5.8666005
1727523422023,-5.6270986,-4.0811133,6.192323
1727523422033,-5.518125,-4.8379393,6.6581545
1727523422043,-5.52531,-5.5073476,6.8629284
1727523422053,-5.572013,-5.6366787,6.821016
1727523422063,-5.278623,-5.7863674,6.347999
1727523422073,-5.109774,-5.349276,6.1887302
1727523422083,-5.0977993,-4.8283596,6.053412
1727523422093,-5.0918117,-4.2739124,5.981561
1727523422103,-5.146897,-3.9386096,5.806725
1727523422113,-5.2630553,-3.838019,5.788762
1727523422123,-5.428312,-3.8966968,5.9025254
1727523422133,-5.498965,-4.2176294,5.6630235
1727523422143,-5.3852015,-4.6187954,5.6486535
1727523422153,-5.322931,-4.749324,5.908513
1727523422163,-5.1049843,-4.6738806,5.0570836
1727523422173,-4.724176,-4.878655,4.59724
1727523422182,-4.884642,-4.6906457,4.8427296
1727523422192,-5.0115786,-4.7768664,4.884642
1727523422202,-5.154082,-4.5565248,5.1756372
1727523422212,-5.004393,-4.6810656,5.0977993
1727523422222,-4.916975,-4.9529004,4.575685
1727523422232,-4.9696655,-5.0977993,4.5002418
1727523422242,-4.9912205,-5.398374,4.155359
1727523422252,-4.9948134,-5.7121215,3.8440063
1727523422262,-5.0870214,-5.8007374,3.7649708
1727523422272,-5.0726514,-5.931266,3.458408
1727523422282,-5.2426977,-6.0414367,2.8668385
1727523422292,-5.061874,-6.0881395,2.3064039
1727523422302,-4.998406,-6.2330384,1.6944764
1727523422312,-4.970863,-6.375542,1.3400134
1727523422322,-5.0726514,-6.650969,1.0562036
1727523422332,-5.158872,-7.03058,1.1951147
1727523422342,-5.2702403,-7.3467226,1.0418335
1727523422352,-5.043911,-7.7682457,0.71730834
1727523422362,-4.9385304,-7.7299256,0.3903882
1727523422372,-4.7768664,-7.8424916,0.07065307
1727523422382,-4.519402,-7.858059,-0.41074586
1727523422396,-4.223617,-7.8089614,-0.9412427
1727523422406,-4.296665,-8.086783,-1.1436218
1727523422416,-4.27032,-8.155042,-1.5591577
1727523422426,-4.1876917,-8.408914,-2.0968397
1727523422436,-4.084706,-8.837622,-2.6033862
1727523422446,-4.126619,-9.095087,-2.882406
1727523422456,-4.0739284,-9.378897,-3.0979578
1727523422466,-3.8284388,-9.655521,-3.6464171
1727523422476,-3.6883302,-9.645941,-4.3840833
1727523422486,-3.798501,-9.374106,-4.572092
1727523422496,-4.008065,-8.970546,-5.0594788
1727523422506,-4.1864944,-8.778944,-5.346881
1727523422516,-4.454736,-9.126222,-5.3313136
1727523422526,-4.3697133,-9.510623,-5.1780324
1727523422536,-3.913462,-9.086704,-5.182822
1727523422546,-3.6045043,-8.36221,-5.932463
1727523422556,-3.4500256,-7.5910144,-6.221063
1727523422566,-3.4895434,-7.125183,-6.8234105
1727523422576,-3.6188745,-6.7671275,-7.1383557
1727523422586,-3.6284547,-6.452183,-7.4269557
1727523422596,-3.6488123,-6.6797094,-8.047266
1727523422606,-3.3386571,-6.8749037,-7.9909825
1727523422616,-3.2560291,-7.0174074,-7.7119627
1727523422626,-3.0919702,-7.1431456,-7.933502
1727523422636,-3.0907726,-7.004235,-8.31431
1727523422646,-3.1674132,-6.5527735,-8.437654
1727523422656,-3.2644117,-6.245013,-8.648416
1727523422666,-3.2895594,-6.062992,-8.353828
1727523422676,-3.2763867,-6.260581,-8.122708
1727523422685,-2.7913952,-6.199508,-8.0999565
1727523422695,-2.4465125,-6.011499,-8.390951
1727523422705,-2.8788135,-5.692961,-8.659193
1727523422715,-3.0380824,-5.53489,-8.1634245
1727523422725,-3.2368689,-5.8079224,-7.2856493
1727523422735,-3.4727783,-6.157595,-6.2354336
1727523422745,-3.4009278,-6.2102857,-6.3611717
1727523422755,-3.3638048,-5.779182,-7.291637
1727523422765,-3.3949401,-5.0415163,-8.195757
1727523422775,-3.5757642,-4.380491,-8.956176
1727523422785,-3.497926,-4.3864784,-9.412427
1727523422795,-3.4631982,-4.749324,-9.280701
1727523422805,-3.1530433,-5.0415163,-8.975336
1727523422815,-2.863246,-4.8642845,-9.263935
1727523422825,-2.7482848,-4.436774,-9.780063
1727523422835,-2.8572583,-4.2822948,-10.472223
1727523422845,-3.1530433,-3.9637573,-10.303374
1727523422855,-3.4500256,-4.0044727,-9.505833
1727523422865,-3.7266505,-4.878655,-8.386161
1727523422875,-3.800896,-5.898933,-7.157516
1727523422885,-3.3662,-6.5551686,-6.6964746
1727523422895,-3.06323,-6.2402234,-6.6114516
1727523422905,-2.7470875,-5.16486,-7.6808276
1727523422915,-2.7231371,-3.8966968,-9.46871
1727523422925,-3.5278637,-2.5542884,-9.856703
1727523422935,-4.167334,-2.086062,-10.243499
1727523422945,-4.4439588,-2.9123437,-10.599159
1727523422955,-4.436774,-4.1876917,-10.253078
1727523422965,-3.9278321,-4.942123,-9.412427
1727523422974,-2.9913795,-5.332511,-8.85798
1727523422984,-2.46208,-5.684579,-8.5154915
1727523422994,-2.0501368,-5.9923387,-8.717871
1727523423004,-2.0920496,-5.4486694,-8.605305
1727523423014,-2.015409,-4.6187954,-8.704699
1727523423024,-2.3207738,-4.421206,-9.210048
1727523423034,-2.77463,-4.3637257,-9.031619
1727523423044,-3.1674132,-4.446354,-8.907078
1727523423054,-3.7697608,-4.648733,-8.616083
1727523423064,-4.085903,-4.815187,-8.612491
1727523423074,-4.7720766,-5.215155,-8.584948
1727523423084,-5.191205,-5.0726514,-7.3347473
1727523423094,-4.785249,-5.083429,-7.3634877
1727523423104,-4.2655296,-5.1193542,-8.57896
1727523423114,-4.1194334,-4.5625124,-9.344169
1727523423130,-4.035608,-3.4667907,-9.456735
1727523423140,-3.9972875,-2.9494665,-9.744137
1727523423150,-4.176914,-4.813989,-9.849518
1727523423160,-4.5349693,-6.9587293,-9.332193
1727523423170,-4.4595265,-6.013894,-8.005353
1727523423180,-3.6368372,-4.214037,-8.292755
1727523423190,-3.3242872,-2.9255164,-8.945398
1727523423200,-3.7649708,-3.556604,-9.715397
1727523423210,-4.5936475,-4.968468,-8.988508
1727523423220,-4.90979,-5.692961,-7.2461314
1727523423230,-4.4331813,-4.8810496,-7.795789
1727523423239,-4.02962,-4.4738965,-9.77647
1727523423249,-4.142186,-4.096681,-10.460248
1727523423259,-4.228407,-3.786526,-9.812395
1727523423269,-3.8715491,-4.491859,-8.919053
1727523423279,-4.012855,-3.798501,-7.36708
1727523423289,-3.3386571,-4.988826,-9.332193
1727523423299,-3.4823585,-4.6966333,-8.691525
1727523423309,-3.9541771,-5.154082,-8.964558
1727523423319,-3.7458105,-5.332511,-9.832752
1727523423329,-3.9505847,-4.1122484,-10.336905
1727523423339,-2.811753,-4.6978307,-11.942765
1727523423349,-2.8129504,-5.725294,-11.3643675
1727523423359,-2.6764343,-6.3108764,-8.931027
1727523423369,-2.5399182,-6.7970653,-6.3611717
1727523423379,-2.5027955,-6.222261,-4.749324
1727523423389,-1.8609302,-5.527705,-6.509663
1727523423399,-2.1674926,-4.89542,-8.616083
1727523423409,-3.3494349,-3.8284388,-9.182505
1727523423419,-3.9146595,-2.9590466,-9.358539
1727523423429,-4.1876917,-3.0883777,-9.857901
1727523423439,-4.33259,-3.7266505,-9.602831
1727523423449,-4.1589513,-3.6536024,-9.524993
1727523423459,-2.4261549,-3.6380346,-11.946358
1727523423469,-1.9830762,-4.28948,-12.540322
1727523423479,-2.5554857,-4.855902,-10.605146
1727523423489,-3.3206947,-5.027146,-8.837622
1727523423499,-3.7122803,-4.799619,-8.426876
1727523423508,-3.9266346,-4.252357,-10.214758
1727523423518,-4.6619053,-3.0548475,-9.257948
1727523423528,-4.0559654,-4.319418,-9.392069
1727523423538,-4.430786,-3.2308815,-6.267766
1727523423548,-3.7086878,-2.8416908,-6.9455566
1727523423558,-3.1805859,-3.2799792,-9.703422
1727523423568,-4.4080334,-4.172124,-11.200309
1727523423578,-5.3049684,-4.636758,-10.773995
1727523423588,-4.8918276,-4.29906,-10.600356
1727523423598,-4.5864625,-3.309917,-10.638677
1727523423608,-4.2176294,-2.626139,-11.444601
1727523423618,-4.2224193,-1.6872913,-11.529624
1727523423628,-3.988905,-1.0933264,-11.773916
1727523423638,-4.047583,-1.0011182,-11.771521
1727523423648,-4.1074586,-1.7531543,-11.029065
1727523423658,-3.8823266,-2.7997777,-10.291399
1727523423668,-3.3937426,-3.6428246,-9.727372
1727523423678,-3.1374755,-4.167334,-9.587263
1727523423688,-3.0488598,-3.812871,-9.328601
1727523423698,-2.906356,-3.5506165,-9.393267
1727523423708,-2.7925928,-3.7709582,-9.7321615
1727523423718,-3.3015344,-4.205654,-9.396859
1727523423728,-3.6595898,-4.511019,-9.336984
1727523423738,-3.7194653,-4.6187954,-9.352551
1727523423748,-3.6476147,-4.453539,-8.489147
1727523423758,-4.485872,-4.428391,-7.8640466
1727523423767,-4.643943,-4.071533,-7.8233314
1727523423777,-4.418811,-3.4655933,-8.679551
1727523423787,-4.155359,-2.8009753,-9.085506
1727523423797,-3.6775525,-2.8476782,-9.936936
1727523423807,-3.5230737,-3.551814,-9.813593
1727523423817,-3.6392322,-4.038003,-9.374106
1727523423827,-3.3793726,-4.8894324,-9.926159
1727523423837,-3.2248938,-5.9025254,-9.582473
1727523423847,-2.9111462,-6.2306433,-9.109457
1727523423857,-2.7123597,-5.868995,-8.966953
1727523423867,-3.0201197,-4.93374,-8.701106
1727523423877,-3.1757958,-4.0882983,-8.363408
1727523423887,-3.1590307,-3.4188905,-8.061636
1727523423897,-2.821333,-3.864364,-7.9011693
1727523423907,-2.4836352,-4.7624965,-7.6592727
1727523423917,-2.1088147,-5.1373167,-7.721543
1727523423927,-2.0130138,-4.599635,-8.715476
1727523423937,-2.4357347,-4.269122,-10.047107
1727523423947,-3.4883459,-4.30385,-10.281818
1727523423957,-4.421206,-3.5949242,-9.736952
1727523423967,-4.9780483,-2.6979895,-9.073531
1727523423977,-4.9768505,-2.5710535,-9.0567665
1727523423987,-4.6164002,-2.8536658,-8.898695
1727523423997,-4.0906935,-3.37099,-8.345446
1727523424007,-3.0764027,-3.8679566,-8.25683
1727523424017,-2.3686743,-4.061953,-8.863967
1727523424027,-2.374662,-3.4631982,-8.892708
1727523424037,-2.4489074,-3.2189062,-9.291478
1727523424046,-2.8536658,-2.6740394,-9.279503
1727523424056,-3.206931,-2.6129663,-9.366921
1727523424066,-3.0572424,-3.3518298,-9.582473
1727523424076,-2.2441332,-5.088219,-9.405242
1727523424086,-1.465752,-6.564749,-9.219627
1727523424096,-1.4908997,-7.1898484,-9.461525
1727523424106,-2.0549269,-6.119275,-9.163344
1727523424116,-3.1410682,-4.7181883,-8.867559
1727523424126,-4.1876917,-4.1757164,-8.963361
1727523424136,-5.253475,-4.069138,-9.750125
1727523424146,-6.253396,-4.382886,-9.705816
1727523424156,-6.5108604,-4.301455,-8.629255
1727523424166,-5.623506,-3.9469922,-8.860374
1727523424176,-4.763694,-3.4428406,-8.799302
1727523424186,-4.3780956,-2.450105,-8.352631
1727523424196,-3.8799317,-1.2166699,-8.865165
1727523424206,-3.4967284,-0.79993653,-10.336905
1727523424216,-3.9122643,-1.3076806,-10.784773
1727523424226,-4.02962,-2.7291248,-10.624307
1727523424236,-3.4883459,-5.182822,-10.724897
1727523424246,-3.3578174,-8.279583,-10.825488
1727523424256,-3.0955627,-9.744137,-9.831555
1727523424266,-2.4536974,-8.976533,-8.5645895
1727523424276,-1.8633252,-6.6258216,-8.502319
1727523424286,-1.8178198,-4.428391,-9.910591
1727523424296,-2.5638685,-2.6009912,-10.645862
1727523424306,-3.495531,-1.5088623,-10.947635
1727523424316,-3.6595898,-1.2358301,-11.1320505
1727523424326,-3.730243,-1.5076648,-10.565629
1727523424336,-2.945874,-2.6225464,-10.536888
1727523424345,-2.5950036,-3.573369,-9.735754
1727523424355,-2.2309606,-4.57329,-8.608898
1727523424365,-2.3004162,-5.139712,-7.4389305
1727523424375,-2.8560607,-4.9864306,-6.5946865
1727523424385,-3.424878,-3.9996827,-7.0090246
1727523424395,-3.9433997,-3.554209,-8.760982
1727523424405,-4.6199927,-3.7757483,-10.471025
1727523424415,-5.029541,-3.8392162,-10.994337
1727523424425,-4.7612987,-4.0823107,-10.653047
1727523424435,-4.414021,-3.6607873,-10.181228
1727523424445,-3.5554066,-3.570974,-10.42073
1727523424455,-2.5854235,-4.2511597,-10.281818
1727523424465,-2.1722827,-4.237987,-9.88185
1727523424475,-2.4716601,-2.880011,-9.292676
1727523424485,-3.2045362,-2.2213807,-10.145303
1727523424495,-4.191284,-3.3350646,-10.975177
1727523424505,-5.190007,-4.309838,-9.660312
1727523424515,-4.8714695,-5.9300685,-9.122629
1727523424525,-5.6726036,-5.9288707,-7.8496766
1727523424535,-4.9768505,-5.22713,-8.127499
1727523424545,-3.7613783,-4.9385304,-9.375304
1727523424555,-3.5961218,-4.60203,-9.588461
1727523424565,-3.1494508,-4.525389,-10.178833
1727523424575,-2.4908204,-4.493057,-10.383607
1727523424585,-2.4261549,-4.8738647,-9.929751
1727523424595,-2.635719,-5.4881873,-9.395661
1727523424605,-3.2248938,-6.14083,-8.065228
1727523424615,-3.5530114,-6.6377964,-6.7683253
1727523424624,-3.6476147,-7.2461314,-5.9288707
1727523424634,-3.732638,-7.6736426,-5.071454
1727523424644,-4.126619,-7.6317296,-4.099076
1727523424654,-3.9445972,-7.841294,-3.793711
1727523424664,-3.69312,-7.877219,-3.9805224
1727523424674,-3.578159,-7.9251194,-4.0368056
1727523424684,-3.4799633,-8.104746,-4.174519
1727523424694,-3.4129028,-8.87714,-4.452341
1727523424704,-3.424878,-9.254355,-3.67875
1727523424714,-3.3961377,-8.921448,-2.5542884
1727523424724,-3.434458,-8.359816,-1.9279907
1727523424734,-3.530259,-7.6101747,-1.9878662
1727523424744,-3.7170703,-7.012617,-2.6249413
1727523424754,-3.8200562,-7.1311707,-3.7206628
1727523424764,-4.118236,-7.8305163,-4.907395
1727523424774,-4.8259645,-8.316706,-5.2007847
1727523424784,-5.3923864,-8.228089,-4.2439747
1727523424794,-5.5636306,-8.442444,-2.6512866
1727523424804,-5.6558385,-8.513097,-0.674198
1727523424814,-5.428312,-8.994495,1.0106982
1727523424824,-5.0307384,-10.272239,1.83698
1727523424834,-4.785249,-10.972782,2.7075696
1727523424844,-5.077441,-10.729688,2.5602758
1727523424854,-5.459447,-9.030421,1.6980689
1727523424864,-5.5935683,-6.8701134,1.1244617
1727523424874,-5.494175,-5.367239,0.6382727
1727523424884,-5.452262,-4.485872,1.4322217
1727523424894,-5.2917957,-4.773274,2.5435107
1727523424903,-5.269043,-6.5228357,4.782854
1727523424913,-4.794829,-9.078321,4.4439588
1727523424923,-4.5205994,-9.22801,3.436853
1727523424933,-4.3373804,-8.145461,2.5950036
1727523424943,-4.6714854,-6.495293,2.1926403
1727523424953,-5.380411,-5.2019825,2.454895
1727523424963,-6.0546093,-4.540957,3.1111305
1727523424973,-6.175558,-4.8990126,3.2787817
1727523424983,-5.836663,-5.52052,3.6559973
1727523424993,-5.7707996,-6.2306433,3.8487964
1727523425003,-5.4965696,-6.577921,3.8212538
1727523425013,-5.309758,-6.695277,3.3374598
1727523425023,-5.1061816,-6.7838926,2.818938
1727523425033,-4.888235,-6.939569,2.3686743
1727523425043,-4.93374,-7.052135,2.962639
1727523425053,-5.300178,-7.1994286,3.8332288
1727523425079,-5.478607,-7.332352,4.1302114
1727523425089,-5.611531,-7.01142,4.267925
1727523425099,-5.6247034,-6.380332,4.4224033
1727523425109,-5.7312818,-5.6091356,4.445156
1727523425119,-5.779182,-4.8798523,4.4224033
1727523425129,-5.7863674,-4.2487645,4.4403663
1727523425139,-5.6797886,-3.869154,3.9972875
1727523425149,-5.542075,-3.739823,4.2667274
1727523425159,-5.4019666,-4.1385937,4.9481106
1727523425169,-5.611531,-4.9085927,5.316943
1727523425178,-5.806725,-5.334906,5.3540664
1727523425188,-6.046227,-5.1852174,5.219945
1727523425198,-6.098917,-4.655918,4.8798523
1727523425208,-5.9635987,-4.0751257,4.797224
1727523425218,-6.0593996,-3.326682,4.966073
1727523425228,-6.065387,-2.699187,4.990023
1727523425238,-5.854625,-2.3974144,4.806804
1727523425248,-5.767207,-2.066902,4.6080174
1727523425258,-5.757627,-1.6765137,4.429589
1727523425268,-6.023474,-1.8621277,4.7612987
1727523425278,-5.973179,-2.5806336,5.16486
1727523425288,-6.377937,-2.6716442,5.53489
1727523425298,-6.4030848,-2.6117687,5.7025414
1727523425308,-6.085745,-2.875221,5.6654186
1727523425318,-5.86181,-3.368595,5.4259167
1727523425328,-5.661826,-4.58766,5.6223083
1727523425338,-5.9121056,-5.374424,6.173163
1727523425348,-6.239026,-5.400769,6.41985
1727523425358,-6.277346,-5.0415163,6.2665687
1727523425368,-6.0713744,-4.3146276,6.094127
1727523425378,-5.971981,-3.6559973,5.9348583
1727523425388,-5.8402553,-3.197351,6.0198817
1727523425398,-5.698949,-3.004552,5.9145007
1727523425408,-5.588778,-2.699187,5.769602
1727523425418,-5.3971767,-2.7159522,5.670209
1727523425428,-5.3756213,-2.7782226,6.0809546
1727523425438,-5.459447,-2.3411317,6.0617943
1727523425448,-5.261858,-2.5279431,5.7073317
1727523425458,-5.2355127,-3.0332923,5.8246875
1727523425467,-5.8198977,-3.624862,6.1959157
1727523425477,-6.1528053,-4.3289976,5.973179
1727523425487,-6.16478,-4.60203,5.6809864
1727523425497,-5.882168,-4.939728,5.6582336
1727523425507,-5.7025414,-4.827162,5.715714
1727523425517,-5.4726195,-4.4667115,5.8294773
1727523425527,-5.2965856,-4.079916,5.6666164
1727523425537,-5.3121533,-3.8416114,5.5708156
1727523425547,-5.410349,-3.6595898,5.26066
1727523425557,-5.572013,-3.4045203,4.9672704
1727523425567,-5.85223,-2.7075696,3.8811293
1727523425577,-6.189928,-1.419049,2.8488758
1727523425587,-6.156398,-1.3699511,1.8585352
1727523425597,-5.6821837,-2.6788294,1.6166382
1727523425607,-5.459447,-4.648733,2.2980213
1727523425617,-5.2283278,-6.659352,2.9243188
1727523425627,-5.0989966,-8.178991,3.0787976
1727523425637,-4.628375,-9.426797,2.9746141
1727523425647,-4.501439,-9.586065,3.6823425
1727523425657,-4.581672,-8.153844,3.1482532
1727523425667,-4.7469287,-6.7288074,2.506388
1727523425677,-5.3528686,-5.54926,2.208208
1727523425687,-5.7528367,-4.9852333,1.6597486
1727523425697,-5.380411,-5.4582496,1.104104
1727523425707,-5.0942063,-6.643784,0.9927356
1727523425717,-4.8187795,-8.046068,1.3699511
1727523425727,-4.9552956,-8.92504,2.015409
1727523425737,-5.3121533,-8.784931,2.5279431
1727523425747,-5.102589,-8.510702,1.4250367
1727523425757,-4.7385464,-8.3191,0.33769774
1727523425766,-4.491859,-8.297545,-0.85502195
1727523425776,-4.113446,-8.504714,-1.780697
1727523425786,-3.9038818,-9.108259,-2.4716601
1727523425796,-3.7685633,-9.125025,-2.767445
1727523425806,-4.198469,-9.3453665,-2.445315
1727523425816,-4.4032435,-9.392069,-2.3135889
1727523425826,-4.5912523,-9.736952,-2.327959
1727523425836,-4.622388,-9.825567,-3.4967284
1727523425846,-4.998406,-8.92025,-4.3637257
1727523425856,-4.684658,-7.862849,-5.8151073
1727523425866,-4.436774,-6.7431774,-7.2102065
1727523425876,-4.2487645,-6.3611717,-8.4520235
1727523425886,-3.984115,-6.9970493,-9.311836
1727523425896,-3.5721717,-7.3143897,-8.537047
1727523425906,-3.5817518,-7.876022,-7.453301
1727523425916,-3.8344262,-8.637638,-6.7048573
1727523425926,-3.9338195,-9.286688,-6.45338
1727523425936,-3.786526,-8.950188,-5.915698
1727523425946,-3.8284388,-8.738229,-6.1468177
1727523425956,-3.514691,-8.398136,-6.6006737
1727523425966,-3.0009594,-7.941885,-7.2581067
1727523425976,-2.802173,-7.2317615,-7.5419164
1727523425986,-2.7913952,-6.4306273,-7.5107813
1727523425996,-2.8153455,-5.660629,-7.05932
1727523426006,-3.182981,-5.1756372,-6.268964
1727523426016,-3.2572265,-5.8953404,-6.370752
1727523426026,-3.3278797,-6.211483,-6.1983104
1727523426036,-3.373385,-6.998247,-7.0808754
1727523426046,-3.1482532,-7.408993,-7.625742
1727523426056,-2.7734327,-7.3826475,-7.3143897
1727523426066,-2.5171654,-6.861731,-7.4976087
1727523426075,-2.6441016,-5.8953404,-8.175399
1727523426085,-2.9542565,-4.773274,-9.010063
1727523426095,-3.251239,-4.1002736,-9.871073
1727523426105,-3.7889209,-4.254752,-10.364447
1727523426124,-4.269122,-5.039121,-9.792037
1727523426134,-4.126619,-5.874983,-9.035212
1727523426144,-3.7206628,-5.4115467,-8.337063
1727523426154,-3.307522,-5.4115467,-8.461604
1727523426164,-3.1793885,-4.614005,-8.200547
1727523426174,-3.133883,-4.0811133,-8.898695
1727523426184,-3.2751892,-3.4799633,-9.093889
1727523426194,-3.4919386,-3.1111305,-9.523795
1727523426204,-3.4356556,-3.7781434,-10.678195
1727523426214,-3.5554066,-4.1876917,-9.783655
1727523426224,-3.1626234,-4.5888577,-9.158555
1727523426234,-2.7231371,-4.6427455,-8.923842
1727523426243,-2.5171654,-4.6475353,-8.922646
1727523426253,-2.4393275,-4.0571632,-8.50711
1727523426263,-2.3602917,-4.414021,-8.560997
1727523426273,-2.2453308,-5.603148,-9.092691
1727523426283,-2.6464965,-6.052214,-8.502319
1727523426293,-3.3745825,-5.4821997,-6.8509536
1727523426303,-3.718268,-4.3026524,-6.016289
1727523426313,-4.0583606,-3.2799792,-6.76593
1727523426323,-4.528982,-3.3314722,-8.126301
1727523426333,-4.7517185,-4.0607557,-9.533375
1727523426343,-5.1876125,-4.4571314,-9.686657
1727523426353,-5.1205516,-4.687053,-9.408834
1727523426363,-4.5517344,-4.9948134,-9.768087
1727523426373,-4.233197,-5.53968,-8.966953
1727523426383,-4.1242237,-5.0942063,-8.187374
1727523426393,-3.453618,-3.5398388,-9.447155
1727523426403,-3.0033545,-2.9686267,-10.917697
1727523426413,-2.990182,-4.7050157,-12.636123
1727523426423,-3.4081128,-5.422324,-10.74286
1727523426433,-3.8044884,-8.012538,-8.394544
1727523426443,-3.4260755,-7.749086,-6.0330544
1727523426453,-3.2129188,-6.5791187,-5.0091834
1727523426463,-3.1231055,-5.342091,-5.9935365
1727523426473,-3.8164637,-5.0870214,-8.076006
1727523426483,-5.694159,-0.3580554,-6.3204565
1727523426493,-5.380411,0.60713744,-9.466314
1727523426503,-4.179309,-0.040715333,-13.626464
1727523426513,-4.5205994,-1.648971,-13.804893
1727523426523,-4.237987,-6.43422,-13.642032
1727523426533,-4.404441,-9.965676,-9.996812
1727523426543,-3.3398547,-10.600356,-5.755232
1727523426552,-1.228645,-9.122629,-4.5541296
1727523426562,-0.038320314,-6.192323,-6.021079
1727523426572,-0.44427612,-3.7853284,-8.837622
1727523426582,-1.7040564,-2.1219873,-10.735675
1727523426592,-3.197351,-2.9279113,-12.973821
1727523426602,-4.4894643,-4.430786,-12.549902
1727523426612,-5.029541,-5.7947497,-10.668614
1727523426622,-4.221222,-6.5360084,-9.565708
1727523426632,-2.8788135,-6.180348,-8.249645
1727523426642,-1.5639478,-5.9121056,-7.919132
1727523426652,-0.85142946,-5.430707,-8.155042
1727523426662,-0.735271,-5.764812,-9.061557
1727523426672,-2.071692,-5.0498986,-8.8460045
1727523426682,-4.0188427,-3.7601807,-9.224418
1727523426692,-4.454736,-1.4130615,-10.870994
1727523426702,-4.233197,-0.0071850587,-12.455299
1727523426712,-4.3289976,0.023950195,-11.979888
1727523426722,-4.3218126,-1.5914905,-10.698552
1727523426732,-3.5482213,-3.615282,-9.619596
1727523426742,-3.1530433,-5.2486854,-9.136999
1727523426752,-3.185376,-5.6570363,-9.028027
1727523426762,-3.3087194,-4.325405,-8.836425
1727523426772,-2.9937744,-3.554209,-10.015972
1727523426782,-3.3949401,-3.0859826,-10.493778
1727523426792,-4.7373486,-2.4177723,-8.675959
1727523426802,-4.981641,-2.77463,-7.113208
1727523426812,-4.604425,-3.9278321,-6.798263
1727523426822,-4.333788,-5.090614,-7.822134
1727523426832,-4.3062453,-4.6475353,-7.8891945
1727523426842,-3.8966968,-3.6452198,-8.220904
1727523426852,-3.3386571,-4.115841,-9.278306
1727523426862,-3.302732,-4.501439,-9.092691
1727523426872,-3.2440538,-4.685856,-9.029223
1727523426882,-3.2787817,-4.684658,-9.0004835
1727523426891,-3.4655933,-4.853507,-9.296268
1727523426901,-3.9853125,-4.9277525,-9.315429
1727523426911,-4.064348,-4.757706,-9.308244
1727523426921,-3.9529798,-5.2067723,-9.826765
1727523426931,-4.0631504,-5.3073635,-9.295071
1727523426941,-3.6955152,-5.5384827,-8.683144
1727523426951,-3.1003528,-6.3444066,-9.085506
1727523426961,-2.8476782,-6.7144375,-8.632848
1727523426971,-2.7590625,-6.165978,-7.4341407
1727523426981,-2.76505,-5.9001307,-6.991062
1727523426991,-3.1015503,-5.795947,-6.894064
1727523427001,-3.5805542,-6.018684,-7.1096153
1727523427011,-3.8308337,-6.0246716,-7.3766603
1727523427021,-3.5230737,-5.870193,-7.6053843
1727523427031,-3.4847534,-5.6642213,-7.8005786
1727523427041,-3.4655933,-5.5827904,-7.723938
1727523427051,-3.4308655,-5.7911572,-7.2293663
1727523427061,-3.5721717,-6.3432093,-6.380332
1727523427071,-4.0044727,-6.581514,-4.843927
1727523427081,-3.7853284,-6.7503624,-3.9913
1727523427091,-3.5889368,-6.204298,-4.4810815
1727523427101,-3.0764027,-6.9455566,-7.339537
1727523427111,-2.9853919,-7.3838453,-8.740623
1727523427121,-3.002157,-6.3839245,-7.853269
1727523427131,-2.9470716,-5.237908,-6.974297
1727523427141,-3.495531,-4.90979,-6.9036436
1727523427151,-4.6080174,-4.996011,-8.074808
1727523427161,-5.357659,-5.654641,-10.536888
1727523427171,-5.9001307,-5.7684045,-12.28645
1727523427181,-6.43901,-5.4486694,-12.051739
1727523427191,-6.4078746,-4.8032117,-11.298505
1727523427201,-5.6019506,-4.4882665,-12.140354
1727523427211,-5.078639,-3.8092785,-11.185939
1727523427220,-4.4499464,-3.9362147,-10.038724
1727523427230,-3.3566198,-5.435497,-10.146501
1727523427240,-3.5122962,-6.114485,-8.480764
1727523427250,-4.414021,-6.556366,-7.420968
1727523427260,-4.494254,-6.5767236,-7.2461314
1727523427270,-4.253555,-6.450985,-6.541996
1727523427280,-3.5122962,-5.9492283,-6.023474
1727523427290,-2.7770252,-5.6438637,-5.8965383
1727523427300,-2.3662794,-5.4091516,-5.083429
1727523427310,-2.0118165,-4.966073,-4.1733217
1727523427320,-1.4561719,-4.9924183,-5.0307384
1727523427330,-1.3495935,-5.4893847,-5.6163206
1727523427340,-1.4501843,-6.507268,-5.527705
1727523427350,-1.4609619,-7.423363,-6.0390415
1727523427360,-2.032174,-8.587342,-6.692882
1727523427370,-3.3314722,-9.049582,-6.837781
1727523427380,-4.4966493,-8.331076,-6.8820887
1727523427390,-3.6416273,-7.860454,-8.641231
1727523427400,-2.7937903,-6.4737377,-8.675959
1727523427410,-2.384242,-5.3971767,-9.168135
1727523427420,-3.1698084,-4.317023,-8.832832
1727523427430,-4.2200246,-4.526587,-9.42081
1727523427440,-5.3875966,-5.715714,-11.202703
1727523427450,-6.697672,-4.477489,-9.946516
1727523427460,-6.0390415,-4.0631504,-10.892549
1727523427470,-4.493057,-4.204457,-11.672128
1727523427480,-3.3865576,-4.0044727,-9.946516
1727523427490,-2.1734803,-4.176914,-8.509504
1727523427500,-1.2585827,-5.4187317,-8.689131
1727523427510,-2.3926246,-6.4006896,-7.868837
1727523427520,-3.66917,-5.9959316,-5.7911572
1727523427530,-3.615282,-6.1767554,-6.680907
1727523427540,-3.6428246,-5.379214,-6.8473606
1727523427550,-3.06802,-4.614005,-7.1191955
1727523427560,-2.1962328,-4.2152343,-7.2389464
1727523427569,-1.595083,-4.89542,-8.116721
1727523427579,-1.7339941,-5.742059,-8.462802
1727523427589,-2.994972,-6.564749,-8.228089
1727523427599,-4.452341,-7.164701,-8.2197075
1727523427609,-5.4342995,-6.262976,-7.7790236
1727523427619,-4.712201,-6.375542,-9.565708
1727523427629,-3.7086878,-5.676196,-9.534573
1727523427639,-3.0416749,-5.151687,-8.765772
1727523427649,-2.8464806,-4.778064,-8.438851
1727523427659,-2.9614418,-5.1456995,-9.524993
1727523427669,-3.7015028,-5.7588243,-9.684261
1727523427679,-4.590055,-7.0401597,-9.653126
1727523427689,-5.8402553,-6.7946706,-8.880733
1727523427699,-5.9612036,-5.4390893,-9.741742
1727523427709,-5.1229467,-4.0320153,-11.129656
1727523427719,-4.064348,-2.802173,-11.07936
1727523427729,-2.999762,-2.5327332,-10.011182
1727523427739,-1.8453625,-2.7818153,-8.281978
1727523427749,-1.4394068,-4.9217653,-8.289163
1727523427759,-3.0308971,-5.6151233,-6.500083
1727523427769,-4.071533,-5.924081,-5.9037232
1727523427779,-4.4894643,-5.046306,-6.277346
1727523427789,-4.3349853,-3.9529798,-6.980284
1727523427799,-3.0644274,-4.064348,-8.667576
1727523427809,-2.6764343,-4.524192,-8.260423
1727523427819,-3.1578333,-5.670209,-7.5981994
1727523427829,-3.9601648,-6.101312,-7.1431456
1727523427839,-4.5457473,-5.830675,-7.683223
1727523427849,-4.7768664,-5.630691,-8.8951025
1727523427859,-5.076244,-4.9780483,-8.7825365
1727523427869,-3.98172,-4.3230104,-9.043593
1727523427879,-2.6441016,-4.5002418,-9.307046
1727523427889,-2.386637,-4.7960267,-9.057964
1727523427899,-2.3195765,-5.22234,-9.320218
1727523427909,-2.814148,-5.670209,-9.889035
1727523427918,-4.01525,-5.7516394,-9.904603
1727523427928,-5.1504893,-5.604346,-9.534573
1727523427938,-5.3145485,-5.492977,-9.25675
1727523427948,-4.8091993,-5.386399,-8.774154
1727523427958,-3.7314405,-5.576803,-8.5717745
1727523427968,-2.647694,-5.6558385,-8.786129
1727523427978,-2.3650818,-5.5660253,-8.65081
1727523427988,-2.7949877,-4.622388,-8.302335
1727523427998,-3.2787817,-3.9194496,-8.605305
1727523428008,-4.191284,-3.314707,-8.551417
1727523428018,-4.174519,-3.1698084,-8.490344
1727523428028,-4.0320153,-4.4906616,-8.928633
1727523428038,-4.1637416,-5.967191,-8.437654
1727523428048,-4.077521,-7.1144056,-7.965835
1727523428058,-3.7565882,-7.9790077,-8.120314
1727523428068,-3.3889527,-7.9909825,-7.6101747
1727523428078,-2.76026,-7.7670484,-7.133566
1727523428088,-2.45729,-6.842571,-6.71803
1727523428098,-2.6345215,-5.669011,-6.2989016
1727523428108,-3.1817834,-4.9085927,-6.908434
1727523428118,-4.3026524,-5.364844,-7.420968
1727523428128,-5.3971767,-5.0750465,-6.0258694
1727523428138,-5.308561,-5.3361034,-6.055807
1727523428148,-4.8175817,-5.3828063,-6.2617784
1727523428158,-4.326603,-5.2882032,-6.5791187
1727523428168,-3.9386096,-4.437971,-7.179071
1727523428178,-3.7482057,-3.561394,-7.867639
1727523428188,-3.9637573,-2.8201356,-8.193362
1727523428198,-4.29427,-2.5219555,-8.50711
1727523428208,-4.4499464,-2.802173,-9.608818
1727523428218,-5.0283437,-3.8080812,-9.339378
1727523428228,-5.806725,-4.4762917,-7.5491014
1727523428238,-4.8187795,-4.8403344,-8.249645
1727523428248,-3.4871485,-5.146897,-10.650652
1727523428257,-3.1446607,-5.4630394,-11.98348
1727523428267,-3.4057178,-6.47733,-10.665022
1727523428277,-3.969745,-8.378976,-7.9646373
1727523428287,-4.0439906,-9.81,-6.71803
1727523428297,-3.9170544,-8.431666,-6.3360243
1727523428307,-4.2104445,-6.3719497,-7.3766603
1727523428317,-4.475094,-4.5158095,-9.182505
1727523428327,-4.863087,-2.8524683,-10.565629
1727523428337,-5.1696496,-2.5243506,-11.238629
1727523428347,-5.6091356,-2.6908045,-9.869876
1727523428357,-4.867877,-3.434458,-10.431507
1727523428367,-4.0248303,-5.0989966,-11.327245
1727523428377,-4.1529636,-6.8234105,-9.195678
1727523428387,-3.5326538,-7.117998,-6.7132397
1727523428397,-2.4129822,-7.2976246,-7.01142
1727523428407,-1.9675086,-5.677394,-7.988588
1727523428417,-1.5100598,-4.319418,-10.789563
1727523428427,-1.4849122,-3.8296363,-12.324771
1727523428437,-2.1627026,-4.806804,-11.666141
1727523428447,-3.2308815,-5.2846107,-8.931027
1727523428457,-3.805686,-5.1121693,-6.929989
1727523428467,-3.7709582,-5.4414845,-6.2809386
1727523428477,-3.7589831,-6.0665846,-7.1826634
1727523428487,-4.3589354,-5.219945,-6.8557434
1727523428497,-4.453539,-4.3385777,-7.892787
1727523428507,-4.31822,-3.0285022,-9.035212
1727523428517,-4.467909,-1.6250207,-9.339378
1727523428527,-4.614005,-2.0896544,-10.048305
1727523428537,-4.9852333,-3.0153296,-9.532178
1727523428547,-4.5780797,-3.7901185,-9.368119
1727523428557,-4.6080174,-4.9768505,-9.895023
1727523428567,-4.6271777,-3.988905,-8.150251
1727523428577,-4.3050475,-3.9877076,-8.584948
1727523428587,-3.9565723,-4.5050316,-9.299861
1727523428596,-3.66917,-4.8894324,-8.95378
1727523428606,-3.5242712,-5.2894006,-9.291478
1727523428616,-3.6871326,-5.053491,-9.121432
1727523428626,-3.7793407,-5.019961,-9.422007
1727523428636,-4.003275,-4.956493,-9.570498
1727523428646,-4.3050475,-4.8870373,-9.181308
1727523428656,-4.24637,-4.831952,-8.915461
1727523428666,-4.0008802,-5.146897,-9.308244
1727523428676,-3.857179,-5.562433,-9.451944
1727523428686,-3.9517822,-5.3384986,-9.1130495
1727523428696,-4.28948,-4.160149,-7.9083543
1727523428706,-4.6762757,-3.473976,-7.1383557
1727523428716,-4.9996033,-3.5554066,-6.8018556
1727523428726,-5.088219,-4.536167,-7.4688683
1727523428736,-5.3899913,-5.4247193,-7.795789
1727523428746,-5.4630394,-5.579198,-7.3191795
1727523428756,-4.6762757,-5.1792297,-6.885681
1727523428766,-3.9781275,-5.295388,-7.315587
1727523428776,-3.7194653,-5.9396486,-7.8377013
1727523428786,-3.7925134,-6.680907,-8.587342
1727523428796,-3.979325,-6.4940953,-8.566985
1727523428806,-4.2667274,-5.7923546,-8.447234
1727523428816,-4.5349693,-5.8031325,-9.198072
1727523428826,-4.4583287,-6.6138463,-9.952503
1727523428836,-4.099076,-6.798263,-9.358539
1727523428846,-3.5254688,-6.347999,-8.738229
1727523428856,-2.9195287,-5.5899754,-8.450827
1727523428866,-2.6764343,-4.658313,-8.032895
1727523428876,-2.5315356,-4.2296047,-7.6904078
1727523428886,-2.5926087,-4.172124,-7.3910303
1727523428896,-2.8369007,-4.743336,-7.589817
1727523428906,-3.2991395,-5.4977674,-7.9742174
1727523428915,-3.629652,-5.891748,-8.02571
1727523428925,-4.111051,-5.9959316,-8.156239
1727523428935,-4.2667274,-5.868995,-8.25204
1727523428945,-4.2499623,-5.9396486,-8.796906
1727523428955,-4.162544,-5.846243,-8.93462
1727523428965,-3.7961059,-5.7205043,-9.121432
1727523428975,-3.6140845,-5.7360716,-8.90109
1727523428985,-3.3206947,-5.84265,-8.5645895
1727523428995,-3.1590307,-5.973179,-8.184979
1727523429005,-3.2248938,-6.427035,-7.836504
1727523429015,-3.378175,-6.6797094,-7.532336
1727523429025,-3.3242872,-6.9946547,-7.5694594
1727523429035,-3.1614258,-7.35271,-7.65089
1727523429045,-3.0620325,-7.6868153,-7.749086
1727523429055,-3.0787976,-7.8161464,-7.322772
1727523429065,-2.9303064,-7.8077636,-6.5994763
1727523429075,-2.8165429,-7.940687,-5.950426
1727523429085,-2.8057654,-8.309521,-5.694159
1727523429095,-3.0428724,-8.355025,-5.647456
1727523429105,-3.2883618,-8.120314,-5.5696177
1727523429115,-3.5865417,-7.7035804,-5.6809864
1727523429125,-3.6583924,-7.2557116,-5.8953404
1727523429135,-3.7793407,-7.188651,-6.192323
1727523429145,-4.042793,-7.443721,-6.0055113
1727523429155,-3.9386096,-7.812554,-5.3612514
1727523429165,-3.8751416,-8.426876,-4.6571155
1727523429175,-4.0020776,-8.799302,-3.9410048
1727523429185,-4.014053,-9.171727,-3.5122962
1727523429195,-4.2200246,-9.195678,-3.302732
1727523429205,-4.2643323,-8.849597,-3.3793726
1727523429215,-4.4954515,-8.471184,-3.7757483
1727523429225,-4.9996033,-8.310718,-3.7901185
1727523429235,-5.1600695,-8.206534,-3.5326538
1727523429244,-5.2654505,-8.168214,-3.5170863
1727523429254,-5.380411,-8.012538,-3.6368372
1727523429264,-5.6486535,-7.5838294,-3.5386415
1727523429274,-5.7360716,-6.8629284,-3.5530114
1727523429284,-5.78038,-6.3036914,-3.6476147
1727523429294,-5.859415,-6.0103016,-3.4919386
1727523429304,-5.8761806,-6.149213,-2.8812084
1727523429314,-5.811515,-6.531218,-2.137555
1727523429324,-5.5444703,-7.1946387,-1.7280066
1727523429334,-5.3875966,-7.8891945,-1.6968713
1727523429344,-5.182822,-8.659193,-1.7088464
1727523429354,-4.9996033,-9.451944,-1.5399976
1727523429364,-4.8966174,-10.031539,-1.4968872
1727523429374,-4.9109874,-10.284214,-1.3004956
1727523429384,-4.8187795,-10.160871,-1.0645862
1727523429394,-4.604425,-9.607621,-1.4813195
1727523429404,-4.463119,-8.983718,-1.7507592
1727523429414,-4.4439588,-8.380174,-1.9890637
1727523429424,-4.309838,-7.9131446,-1.9770886
1727523429434,-4.0116577,-7.6616673,-2.010619
1727523429444,-3.6595898,-7.819739,-1.8776953
1727523429454,-3.37099,-8.054451,-1.6477734
1727523429464,-3.2859669,-8.353828,-1.7459693
1727523429474,-3.248844,-8.781339,-1.8824854
1727523429484,-3.2428565,-8.931027,-1.6777111
1727523429494,-3.434458,-8.933423,-1.7519568
1727523429504,-3.4871485,-8.798104,-1.5507752
1727523429514,-3.5673816,-8.801697,-1.4178516
1727523429524,-3.6236646,-8.85798,-0.70772827
1727523429534,-3.6332445,-9.110654,-0.20956421
1727523429544,-3.4548156,-9.51661,-0.05867798
1727523429554,-3.0979578,-9.713001,-0.3556604
1727523429563,-2.826123,-9.621991,-0.7232959
1727523429573,-2.8345056,-9.532178,-1.0909314
1727523429583,-2.9015663,-9.542955,-1.0154883
1727523429593,-3.1243029,-9.568103,-0.38320312
1727523429603,-3.1566358,-9.897418,0.0
1727523429613,-3.0955627,-9.999207,0.5281018
1727523429623,-3.002157,-9.920171,0.73407346
1727523429633,-2.9279113,-9.684261,0.5760022
1727523429643,-2.8440857,-9.157357,0.4658313
1727523429653,-2.931504,-8.6077,0.31374756
1727523429663,-2.9841943,-8.58375,0.49337402
1727523429673,-3.1063404,-8.982521,1.035846
1727523429683,-3.1865735,-9.418414,1.4370117
1727523429693,-3.1686108,-9.841135,1.9435583
1727523429703,-3.2248938,-9.909393,2.1639001
1727523429713,-3.1530433,-9.970467,2.3830445
1727523429723,-3.251239,-9.626781,2.3626869
1727523429733,-3.3470397,-9.239985,2.494413
1727523429743,-3.424878,-9.086704,2.8788135
1727523429753,-3.5805542,-9.110654,3.4260755
1727523429763,-3.3997302,-9.045989,3.676355
1727523429773,-3.3374598,-8.686736,4.0200405
1727523429783,-3.368595,-8.201744,4.0583606
1727523429793,-3.5218763,-7.4544983,3.838019
1727523429831,-3.5961218,-6.619834,3.38536
1727523429841,-3.5530114,-6.0222764,3.1925611
1727523429851,-3.4643958,-5.805527,3.485951
1727523429861,-3.549419,-5.769602,3.4775684
1727523429871,-3.5865417,-5.8582177,3.8248463
1727523429881,-3.6045043,-5.6486535,4.1122484
1727523429891,-3.5110986,-5.3337083,4.3134303
1727523429901,-3.4631982,-4.9301476,4.5888577
1727523429911,-3.373385,-4.7744713,4.7062135
1727523429921,-3.354225,-4.445156,5.0487013
1727523429931,-3.3159046,-4.204457,5.4187317
1727523429941,-3.3278797,-4.179309,5.6342835
1727523429951,-3.4045203,-4.184099,5.7444544
1727523429961,-3.3326697,-4.2487645,5.8761806
1727523429971,-3.4703834,-4.3289976,5.8713903
1727523429981,-3.4033227,-4.3421702,5.8582177
1727523429991,-3.4512231,-4.263135,5.938451
1727523430000,-3.4356556,-4.181704,6.0546093
1727523430010,-3.359015,-4.0607557,6.1911254
1727523430020,-3.1278956,-3.8092785,6.4593678
1727523430030,-3.0847852,-3.7877233,6.468948
1727523430040,-3.1087353,-3.7110827,6.697672
1727523430050,-2.8931837,-3.8464015,6.7288074
1727523430060,-2.9542565,-3.9146595,6.8329906
1727523430070,-2.8608508,-4.003275,7.0461473
1727523430080,-2.8452833,-3.7841308,7.0317774
1727523430090,-2.8883936,-3.4895434,6.9527416
1727523430100,-2.8392956,-3.1841784,6.8246083
1727523430110,-2.7470875,-2.8764184,6.7803
1727523430120,-2.7542725,-2.8440857,6.8892736
1727523430130,-2.6560767,-3.0392797,6.9946547
1727523430140,-2.6620643,-3.3482373,7.113208
1727523430150,-2.6884093,-3.39015,7.1191955
1727523430160,-2.7913952,-3.2859669,7.3371425
1727523430170,-2.75068,-3.0201197,7.5670643
1727523430180,-2.8129504,-2.6488917,7.653285
1727523430190,-2.7566674,-2.3064039,7.5742493
1727523430200,-2.8404932,-1.9926562,7.6101747
1727523430210,-2.9566517,-1.8753003,7.6149645
1727523430220,-3.0811927,-2.142345,7.589817
1727523430230,-3.1111305,-2.572251,7.606582
1727523430240,-3.2033386,-2.997367,7.785011
1727523430250,-3.1374755,-3.1446607,7.7059755
1727523430260,-3.0799952,-2.9470716,7.7766285
1727523430270,-3.0943651,-2.5590785,7.865244
1727523430280,-3.05844,-2.1148024,7.890392
1727523430290,-3.239264,-1.7220191,8.26162
1727523430300,-3.446433,-1.3807287,8.431666
1727523430310,-3.6116896,-1.1567944,8.137079
1727523430319,-3.8020935,-1.0502161,7.938292
1727523430329,-3.9050794,-0.8753796,7.486831
1727523430339,-3.8943017,-0.92328,7.180269
1727523430349,-3.7410204,-0.9627979,7.1096153
1727523430359,-3.3290772,-1.0729687,7.019802
1727523430369,-3.0740075,-1.162782,7.167096
1727523430379,-2.8165429,-1.3004956,7.276069
1727523430389,-2.7830126,-1.6429834,7.276069
1727523430399,-2.701582,-1.9267932,7.3754625
1727523430409,-2.8560607,-2.046544,7.523954
1727523430419,-2.9913795,-1.9962487,7.515571
1727523430429,-3.0225146,-1.8525476,7.5359287
1727523430439,-2.9806018,-1.6142431,7.4006104
1727523430449,-2.9147387,-1.6381934,7.613767
1727523430459,-2.894381,-1.6908838,7.5670643
1727523430469,-2.9374914,-1.8082397,7.67005
1727523430479,-2.9602442,-1.6836988,7.6101747
1727523430489,-2.9817994,-1.5543677,7.653285
1727523430499,-3.109933,-1.409469,7.6951976
1727523430509,-3.0967603,-1.0562036,7.789801
1727523430519,-3.1997461,-0.9855505,7.719148
1727523430529,-3.171006,-0.94842774,7.765851
1727523430539,-3.2799792,-0.9807605,7.8161464
1727523430549,-3.265609,-1.0849439,7.8784165
1727523430559,-3.4021254,-1.0023156,7.938292
1727523430569,-3.3626075,-0.91010743,7.8951817
1727523430579,-3.3721876,-0.9352551,7.9370947
1727523430589,-3.3769774,-0.95321774,8.026908
1727523430599,-3.4476306,-0.91010743,7.9837976
1727523430609,-3.4608033,-0.91849,7.931107
1727523430619,-3.4691858,-0.9580078,7.8424916
1727523430629,-3.3626075,-0.9029224,7.8400965
1727523430639,-3.3626075,-0.9316626,7.8005786
1727523430649,-3.2296839,-0.99872315,7.8161464
1727523430659,-3.1578333,-1.0574012,7.9993653
1727523430668,-3.0979578,-0.92567503,8.037685
1727523430678,-3.129093,-0.76760375,8.128696
1727523430688,-3.1925611,-0.73407346,8.066425
1727523430698,-3.0871801,-0.82747924,8.096363
1727523430708,-3.1326857,-0.9460327,8.049661
1727523430718,-3.2644117,-1.1711645,8.052055
1727523430728,-3.138673,-1.22625,7.97302
1727523430738,-3.026107,-1.2502002,8.01613
1727523430748,-2.6884093,-1.3962964,7.3658824
1727523430758,-3.7206628,-0.47660887,7.140751
1727523430768,-2.6884093,-1.6178356,7.4556956
1727523430778,-2.4045997,-1.3759388,8.158634
1727523430788,-2.208208,-1.6369958,8.31431
1727523430798,-2.2489233,-1.3016931,8.468789
1727523430808,-2.8045678,-0.7161108,8.249645
1727523430818,-3.629652,-0.37003052,7.714358
1727523430828,-4.4715014,-0.8753796,7.620952
1727523430838,-3.969745,-1.223855,7.8173437
1727523430848,-3.4835558,-1.3855188,8.007748
1727523430858,-3.004552,-1.4382092,8.201744
1727523430868,-2.7195446,-1.2885205,8.031698
1727523430878,-2.5662634,-1.2226574,7.9155397
1727523430888,-2.7901978,-1.2394226,7.890392
1727523430898,-2.877616,-1.2082874,7.9718227
1727523430908,-3.0895753,-1.3376184,7.9035645
