1728012729328,1,3,-2.8404932,1.9315833,7.773036
1728012729338,1,3,-3.08239,1.8525476,7.8712316
1728012729348,1,3,-3.2129188,2.0094213,7.8867993
1728012729358,1,3,-3.3135095,1.9854712,7.662865
1728012729368,1,3,-3.1111305,2.0333717,7.6808276
1728012729378,1,3,-2.945874,2.0561242,7.662865
1728012729388,1,3,-2.894381,2.074087,7.6796303
1728012729398,1,3,-2.7123597,2.1315675,7.6341248
1728012729408,1,3,-2.6273365,2.1136048,7.716753
1728012729418,1,3,-2.6800268,2.1171973,7.6880126
1728012729428,1,3,-2.9794042,2.1770728,7.498806
1728012729438,1,3,-3.1578333,2.088457,7.2389464
1728012729448,1,3,-3.4643958,1.7603394,7.0078273
1728012729458,1,3,-3.803291,1.4310242,6.8401756
1728012729468,1,3,-4.0679407,1.0442286,6.604266
1728012729478,1,3,-4.1565566,0.7855664,6.411467
1728012729488,1,3,-4.1637416,0.41314086,6.2090883
1728012729498,1,3,-4.0882983,0.0490979,5.874983
1728012729508,1,3,-3.849994,-0.63468015,6.0007215
1728012729518,1,3,-3.6392322,-1.5100598,6.3468018
1728012729528,1,3,-3.3506324,-2.4069946,6.5216384
1728012729538,1,3,-3.011737,-3.150648,6.326444
1728012729548,1,3,-2.6033862,-3.9541771,5.8737855
1728012729558,1,3,-2.1746778,-4.5325747,5.7684045
1728012729568,1,3,-1.7591418,-5.0642686,5.8570204
1728012729578,1,3,-1.8357825,-5.556445,6.2617784
1728012729588,1,3,-1.7519568,-6.724017,5.718109
1728012729598,1,3,-1.3795313,-8.390951,5.5468655
1728012729608,1,3,-0.9783655,-9.054371,5.522915
1728012729618,1,3,-0.28979737,-9.899814,5.760022
1728012729628,1,3,0.028740235,-9.758507,6.5048733
1728012729638,1,3,0.40954834,-9.093889,7.5191636
1728012729648,1,3,0.70174074,-8.193362,7.780221
1728012729658,1,3,0.6813831,-6.556366,8.250842
1728012729668,1,3,0.45625123,-4.8738647,8.29036
1728012729678,1,3,-0.0059875487,-3.0380824,7.715555
1728012729688,1,3,-0.99872315,-0.5221143,7.829319
1728012729698,1,3,-1.6621436,1.0837463,6.7479677
1728012729708,1,3,-2.102827,1.705254,6.6377964
1728012729718,1,3,-1.5819104,0.4071533,6.173163
1728012729728,1,3,-1.7938696,-3.1494508,8.092771
1728012729738,1,3,-1.2442126,-6.0570045,5.50615
1728012729748,1,3,0.48858398,-10.05549,2.5087829
1728012729758,1,3,1.4298266,-13.504317,1.5256275
1728012729768,1,3,1.900448,-15.475419,3.2452514
1728012729778,1,3,2.2764661,-17.693207,5.1205516
1728012729788,1,3,1.9423609,-18.276394,6.194718
1728012729798,1,3,1.5304174,-16.081358,6.1983104
1728012729808,1,3,1.343606,-12.106824,6.3060865
1728012729818,1,3,0.95321774,-8.101153,7.6413097
1728012729828,1,3,-0.14250366,-5.2235374,10.793156
1728012729838,1,3,-1.6621436,-1.2202624,11.152409
1728012729848,1,3,-3.3673975,4.5229945,11.724818
1728012729858,1,3,-4.399651,10.157278,9.5214
1728012729868,1,3,-3.121908,11.478131,5.51094
1728012729878,1,3,-2.1998255,6.2725563,4.90021
1728012729888,1,3,-2.882406,0.24069947,7.812554
1728012729898,1,3,-2.8859985,-5.054689,7.822134
1728012729908,1,3,-2.015409,-8.213719,5.2187476
1728012729918,1,3,-1.5902929,-11.215877,2.4010072
1728012729928,1,3,-1.5352075,-14.182108,2.1327648
1728012729938,1,3,-2.3004162,-16.204702,2.1243823
1728012729948,1,3,-3.026107,-17.184265,1.9112256
1728012729958,1,3,-3.3494349,-17.936302,2.2249732
1728012729968,1,3,-3.3554223,-15.641872,3.5134935
1728012729978,1,3,-2.327959,-12.948673,2.3578968
1728012729988,1,3,-1.5328125,-10.984757,1.22146
1728012729998,1,3,-1.0693762,-8.745414,2.4417224
1728012730008,1,3,-0.48139894,-7.179071,4.126619
1728012730018,1,3,-0.23710693,-5.51573,5.9025254
1728012730028,1,3,-0.2838098,-3.197351,8.053253
1728012730038,1,3,-0.41194335,-0.8310718,8.558602
1728012730048,1,3,-0.10059082,1.4861096,8.243657
1728012730058,1,3,0.4921765,3.9924974,7.514374
1728012730068,1,3,0.45265868,6.380332,6.13125
1728012730078,1,3,0.34248778,6.730005,4.418811
1728012730088,1,3,-0.6143225,3.8919067,3.869154
1728012730098,1,3,-2.015409,0.30416748,4.7086086
1728012730108,1,3,-2.9291089,-3.417693,4.8175817
1728012730118,1,3,-2.9099488,-5.8558226,5.586383
1728012730128,1,3,-2.339934,-7.771838,5.069059
1728012730138,1,3,-1.6298108,-9.53098,2.926714
1728012730148,1,3,-0.91489744,-11.042237,0.4179309
1728012730158,1,3,-1.3543836,-12.941488,-1.9842737
1728012730168,1,3,-2.1183949,-14.444363,-3.2931519
1728012730178,1,3,-3.1638207,-17.2154,-2.9015663
1728012730188,1,3,-3.8919067,-20.640278,-0.45984375
1728012730198,1,3,-4.3289976,-21.98149,0.81670165
1728012730208,1,3,-3.5434313,-20.55286,1.096919
1728012730218,1,3,-2.618954,-16.659756,0.8430469
1728012730228,1,3,-2.095642,-12.747492,3.7314405
1728012730238,1,3,-2.2213807,-9.357342,6.8808913
1728012730248,1,3,-1.9148182,-5.604346,7.564669
1728012730258,1,3,-1.0562036,-2.0381615,6.6725245
1728012730268,1,3,-0.38919067,1.2346326,6.2414207
1728012730278,1,3,-0.33410522,5.247488,8.147857
1728012730288,1,3,0.81789917,8.211325,8.334668
1728012730298,1,3,1.287323,10.692565,5.659431
1728012730308,1,3,0.26105714,9.524993,4.968468
1728012730318,1,3,-1.9435583,4.853507,4.9852333
1728012730328,1,3,-3.8943017,-0.2574646,5.854625
1728012730338,1,3,-4.6762757,-4.968468,6.450985
1728012730348,1,3,-3.9386096,-8.975336,6.09293
1728012730358,1,3,-2.506388,-12.384646,3.558999
1728012730368,1,3,-1.1196716,-13.955779,1.1412268
1728012730378,1,3,0.05628296,-13.78214,-2.186653
1728012730388,1,3,0.5137317,-13.075609,-4.622388
1728012730398,1,3,-0.28500733,-13.172607,-6.4569726
1728012730408,1,3,-0.9592053,-12.718751,-6.5719337
1728012730418,1,3,-1.1891272,-13.0875845,-7.2173915
1728012730428,1,3,-1.5423926,-13.361814,-6.963519
1728012730438,1,3,-1.8848804,-13.415702,-7.04495
1728012730448,1,3,-1.6908838,-13.081596,-6.9240017
1728012730458,1,3,-1.7375866,-12.072096,-7.1587133
1728012730468,1,3,-2.0429516,-11.245814,-7.5047936
1728012730478,1,3,-2.1818628,-10.570418,-6.878496
1728012730488,1,3,-1.848955,-10.04591,-6.0126967
1728012730498,1,3,-1.3855188,-9.655521,-5.381609
1728012730508,1,3,-0.86579955,-9.031619,-5.870193
1728012730518,1,3,-1.3675561,-7.7119627,-5.773195
1728012730528,1,3,-1.6274158,-6.460565,-5.7372694
1728012730538,1,3,-1.6214283,-5.522915,-6.1348424
1728012730548,1,3,-1.6992663,-4.190087,-4.963678
1728012730558,1,3,-1.5435901,-4.0463853,-7.2904396
1728012730568,1,3,-1.1520044,-4.4595265,-9.057964
1728012730578,1,3,-0.6873706,-5.266648,-10.235116
1728012730588,1,3,-0.13891113,-5.264253,-9.948911
1728012730598,1,3,0.016765136,-4.366121,-8.9442005
1728012730608,1,3,-0.041912843,-4.287085,-8.9513855
1728012730618,1,3,0.17603393,-4.740941,-9.243578
1728012730628,1,3,0.14250366,-5.9863515,-9.486672
1728012730638,1,3,0.10538086,-6.988667,-9.236393
1728012730648,1,3,-0.14609618,-7.484436,-8.772957
1728012730658,1,3,0.122145995,-8.481961,-9.328601
1728012730668,1,3,0.25267455,-8.710686,-9.811197
1728012730678,1,3,1.0849439,-8.551417,-9.604029
1728012730688,1,3,1.0897338,-7.61257,-9.239985
1728012730698,1,3,-0.15208374,-6.043832,-8.960965
1728012730708,1,3,-0.69096315,-4.2978625,-9.522597
1728012730718,1,3,-0.63108766,-4.461921,-10.826686
1728012730728,1,3,0.14250366,-6.5695386,-11.5188465
1728012730738,1,3,0.17842895,-9.055569,-11.829001
1728012730748,1,3,0.94363767,-9.934541,-10.979967
1728012730758,1,3,2.591411,-10.43031,-10.083033
1728012730768,1,3,2.4716601,-10.0207615,-6.9036436
1728012730778,1,3,1.5399976,-9.5214,-3.6571949
1728012730788,1,3,0.84065187,-9.109457,-3.305127
1728012730798,1,3,-0.9556128,-7.270082,-5.372029
1728012730808,1,3,-3.3793726,-4.7768664,-9.141789
1728012730818,1,3,-4.8894324,-1.1496093,-11.134446
1728012730828,1,3,-3.7637732,1.1795471,-12.606185
1728012730838,1,3,-1.8812878,-0.010777588,-13.643229
1728012730848,1,3,-1.4789245,-2.242936,-11.794273
1728012730858,1,3,-1.3136683,-1.4525794,-8.893905
1728012730868,1,3,-0.8813672,1.1029065,-6.431825
1728012730878,1,3,0.81191164,2.003434,-6.316864
1728012730888,1,3,1.5555652,0.45625123,-8.695118
1728012730898,1,3,0.15328126,-2.0561242,-9.18969
1728012730908,1,3,-0.97716796,-3.8464015,-8.646021
1728012730918,1,3,-0.79993653,-4.998406,-9.9572935
1728012730928,1,3,-1.0562036,-5.9192905,-11.563154
1728012730938,1,3,-1.2525952,-6.2031007,-11.438613
1728012730948,1,3,-1.1220666,-5.613926,-10.517728
1728012730958,1,3,-0.735271,-4.6128078,-9.905801
1728012730968,1,3,-0.5065466,-3.869154,-9.508227
1728012730978,1,3,-0.61791503,-3.5805542,-8.86277
1728012730988,1,3,-0.50894165,-5.4019666,-10.441088
1728012730998,1,3,-0.6442602,-6.173163,-11.757151
1728012731008,1,3,0.21435425,-7.228169,-13.434862
1728012731018,1,3,0.5149292,-8.595725,-13.452825
1728012731028,1,3,-0.35925293,-9.984837,-12.583432
1728012731038,1,3,-0.5412744,-12.082873,-13.433664
1728012731048,1,3,0.40116578,-13.765375,-12.775034
1728012731058,1,3,1.8010547,-14.058764,-9.740544
1728012731068,1,3,2.9446764,-12.164304,-4.2511597
1728012731078,1,3,3.942202,-8.731044,-2.6369164
1728012731088,1,3,3.2081287,-4.9864306,-4.6882505
1728012731098,1,3,1.9112256,-1.4849122,-6.910829
1728012731108,1,3,0.26704466,-0.17603393,-8.82924
1728012731118,1,3,-1.597478,-1.3232483,-12.318783
1728012731128,1,3,-3.906277,-3.3662,-14.873072
1728012731138,1,3,-5.628296,-4.7349534,-13.219311
1728012731148,1,3,-4.435576,-6.0665846,-12.953464
1728012731158,1,3,-2.034569,-7.03058,-12.0816765
1728012731168,1,3,-0.33530274,-7.532336,-11.073373
1728012731178,1,3,1.7351917,-7.442523,-11.603869
1728012731188,1,3,0.9783655,-4.160149,-9.753717
1728012731198,1,3,1.3352234,-0.63468015,-8.850795
1728012731208,1,3,3.37578,-2.8548632,-11.817026
1728012731218,1,3,1.658551,-7.174281,-11.235037
1728012731228,1,3,-0.6095325,-8.367001,-5.0475035
1728012731238,1,3,-2.0130138,-4.918173,5.5217175
1728012731248,1,3,-3.0356872,-4.8594947,10.128537
1728012731258,1,3,-2.0190015,-10.223141,0.91609496
1728012731268,1,3,-2.6057813,-16.222664,-10.063872
1728012731278,1,3,-3.0129347,-18.246456,-12.173884
1728012731288,1,3,-2.3459215,-15.851437,-7.6053843
1728012731298,1,3,-0.5724097,-12.21939,-7.2317615
1728012731308,1,3,0.49696654,-8.168214,-6.428232
1728012731318,1,3,0.8981323,-5.9133034,-6.605464
1728012731328,1,3,-0.39877075,-4.8750625,-4.6595106
1728012731338,1,3,-0.66821045,-3.573369,-3.6991076
1728012731348,1,3,-0.6167175,-1.8753003,-3.5314562
1728012731358,1,3,-0.7244934,0.57959473,-3.7206628
1728012731368,1,3,0.023950195,1.9818786,-5.7312818
1728012731378,1,3,0.6286926,0.32692015,-7.249724
1728012731388,1,3,1.228645,-1.1316468,-9.583671
1728012731398,1,3,0.008382568,-2.6620643,-12.407398
1728012731408,1,3,-2.0992346,-4.1242237,-12.410992
1728012731418,1,3,-3.8464015,-4.1565566,-10.135723
1728012731428,1,3,-1.5088623,-4.5984373,-9.880653
1728012731438,1,3,-0.2562671,-7.3850427,-10.68059
1728012731448,1,3,-1.5028747,-11.152409,-11.163186
1728012731458,1,3,-4.406836,-12.82533,-8.8963
1728012731468,1,3,-3.514691,-15.062278,-8.102351
1728012731478,1,3,-2.5554857,-16.262182,-9.017248
1728012731488,1,3,-2.2261705,-17.016613,-10.378818
1728012731498,1,3,-2.7147546,-17.228573,-10.115365
1728012731508,1,3,-1.8321899,-14.744938,-6.7503624
1728012731518,1,3,0.0742456,-11.660152,-5.677394
1728012731528,1,3,1.289718,-9.709409,-7.2832546
1728012731538,1,3,0.82867676,-8.414901,-9.708212
1728012731548,1,3,-0.12573853,-7.0186048,-10.589579
1728012731558,1,3,-0.27303222,-6.595884,-11.044633
1728012731568,1,3,0.27901977,-7.2784643,-10.06028
1728012731578,1,3,0.66821045,-6.9826794,-5.253475
1728012731588,1,3,0.5556445,-7.277267,-1.6226257
1728012731598,1,3,-0.36045045,-7.66047,1.5986755
1728012731608,1,3,-2.2932312,-8.453221,1.9208057
1728012731618,1,3,-4.045188,-10.2458935,-0.52450925
1728012731628,1,3,-3.2332764,-10.940449,-2.5459058
1728012731638,1,3,-0.91609496,-10.933264,-5.478607
1728012731648,1,3,-0.3939807,-11.914024,-8.450827
1728012731658,1,3,-1.6848962,-11.57992,-5.7755895
1728012731668,1,3,-1.2394226,-10.100995,-7.150331
1728012731678,1,3,-1.2346326,-8.60291,-8.469987
1728012731688,1,3,-2.227368,-6.321654,-6.861731
1728012731698,1,3,-2.2141955,-5.205575,-7.3215747
1728012731708,1,3,-1.4022839,-5.613926,-9.097482
1728012731718,1,3,-2.999762,-5.215155,-6.526428
1728012731728,1,3,-4.604425,-4.797224,-3.5230737
1728012731738,1,3,-4.0823107,-7.122788,-4.446354
1728012731748,1,3,-2.8153455,-8.398136,-4.8259645
1728012731758,1,3,-1.9854712,-8.990903,-5.7684045
1728012731768,1,3,-1.8190173,-9.040001,-6.5384035
1728012731778,1,3,-1.7531543,-9.517808,-6.6497717
1728012731788,1,3,-1.971101,-10.636282,-7.0641103
1728012731798,1,3,-2.5602758,-10.34888,-3.1278956
1728012731808,1,3,-3.605702,-10.0698595,-0.7149133
1728012731818,1,3,-3.0955627,-10.5764065,-2.2022204
1728012731828,1,3,-1.1496093,-10.485395,-4.1613464
1728012731838,1,3,0.6777905,-10.37762,-3.8931043
1728012731848,1,3,1.3735437,-10.15129,-0.5221143
1728012731858,1,3,1.3807287,-9.911788,4.269122
1728012731868,1,3,1.2094848,-9.875863,8.59333
1728012731878,1,3,1.2418176,-9.122629,10.043514
1728012731888,1,3,1.3747412,-8.495134,6.295309
1728012731898,1,3,0.7855664,-8.680748,1.9507434
1728012731908,1,3,-0.36164796,-9.212442,-1.2118798
1728012731918,1,3,-1.3675561,-9.166937,-3.241659
1728012731928,1,3,-1.890868,-8.587342,-5.366041
1728012731938,1,3,-1.9794836,-8.511899,-7.261699
1728012731948,1,3,-1.4010864,-8.33347,-8.325088
1728012731958,1,3,-1.785487,-8.289163,-10.4075575
1728012731968,1,3,-2.9710217,-8.182584,-11.534414
1728012731978,1,3,-4.998406,-7.770641,-12.755874
1728012731988,1,3,-6.035449,-8.220904,-14.531781
1728012731998,1,3,-4.5613146,-8.732242,-14.0899
1728012732008,1,3,-2.3483167,-9.071136,-12.155922
1728012732018,1,3,-0.8202942,-9.057964,-9.363329
1728012732028,1,3,0.19279908,-8.885523,-7.230564
1728012732038,1,3,0.46223876,-8.691525,-6.2821364
1728012732048,1,3,0.52570677,-8.705896,-6.2031007
1728012732058,1,3,0.5017566,-8.383766,-6.204298
1728012732068,1,3,0.42032593,-8.127499,-5.5289025
1728012732078,1,3,-0.022752685,-8.054451,-1.7136365
1728012732088,1,3,-2.4417224,-8.2712,5.1935997
1728012732098,1,3,-4.7133985,-9.309441,9.089099
1728012732108,1,3,-2.525548,-10.546469,5.2630553
1728012732118,1,3,-0.14010864,-10.339299,2.7866051
1728012732128,1,3,1.1783496,-9.665101,2.347119
1728012732161,1,3,1.3028907,-8.556208,2.1435425
1728012732171,1,3,1.2166699,-7.2640944,1.0873389
1728012732181,1,3,0.92328,-6.0665846,-0.8454419
1728012732191,1,3,0.5053491,-5.925278,-4.061953
1728012732201,1,3,-0.671803,-5.694159,-6.1815453
1728012732211,1,3,-1.5651453,-5.5935683,-6.771918
1728012732221,1,3,-2.503993,-6.3503942,-6.13125
1728012732231,1,3,-3.6080968,-7.1455407,-4.1146436
1728012732241,1,3,-3.5673816,-9.083112,-6.725215
1728012732251,1,3,-2.8392956,-10.134525,-10.985954
1728012732261,1,3,-2.4369323,-11.094928,-14.845529
1728012732271,1,3,-2.9530592,-11.268567,-14.046789
1728012732281,1,3,-2.9734168,-11.509266,-10.730885
1728012732291,1,3,-2.7890003,-11.561956,-8.788525
1728012732301,1,3,-1.8944604,-11.215877,-7.516769
1728012732311,1,3,-1.1783496,-10.715318,-6.301296
1728012732321,1,3,-0.65264285,-10.243499,-5.8198977
1728012732331,1,3,-0.22273682,-9.679471,-5.901328
1728012732341,1,3,0.13651611,-9.1202345,-5.629493
1728012732351,1,3,0.16884887,-9.390872,-5.8222923
1728012732361,1,3,0.1484912,-8.717871,-3.690725
1728012732371,1,3,-0.23590942,-7.9514647,0.16405883
1728012732381,1,3,-1.2609777,-8.49274,4.4331813
1728012732391,1,3,-2.4285498,-9.017248,8.590935
1728012732401,1,3,-1.893263,-9.182505,8.416099
1728012732411,1,3,-0.5161267,-8.917855,6.246211
1728012732421,1,3,0.27422974,-8.081993,4.605623
1728012732431,1,3,0.4754114,-7.5191636,2.3363416
1728012732441,1,3,0.4179309,-7.179071,0.3065625
1728012732451,1,3,0.08023316,-7.0748878,-1.7004639
1728012732461,1,3,-0.5783972,-6.7407823,-2.4884253
1728012732471,1,3,-1.4178516,-8.384963,-3.39015
1728012732481,1,3,-1.971101,-9.293873,-3.297942
1728012732491,1,3,-1.6034656,-10.42073,-6.013894
1728012732501,1,3,-1.4932947,-10.37762,-8.071216
1728012732511,1,3,-1.2070899,-9.5214,-8.766969
1728012732521,1,3,-2.0237916,-9.793235,-8.715476
1728012732531,1,3,-3.8763392,-9.557325,-9.134604
1728012732541,1,3,-4.9109874,-9.960886,-13.360617
1728012732551,1,3,-5.273833,-10.6817875,-16.792679
1728012732561,1,3,-4.218827,-10.99793,-12.446917
1728012732571,1,3,-2.5315356,-10.639874,-9.88185
1728012732581,1,3,-1.3519886,-9.588461,-8.432864
1728012732591,1,3,-1.0550061,-8.158634,-7.1144056
1728012732601,1,3,-1.1196716,-6.986272,-5.8187
1728012732611,1,3,-1.7459693,-6.422245,-3.321892
1728012732621,1,3,-1.52922,-6.9144216,-2.4225624
1728012732631,1,3,-1.0957215,-6.5108604,-2.0010388
1728012732641,1,3,-0.7688013,-7.294032,-1.7567468
1728012732651,1,3,-1.7639319,-8.690329,2.7410998
1728012732661,1,3,-4.453539,-9.720187,11.375145
1728012732671,1,3,-3.3985326,-10.876981,13.716277
1728012732681,1,3,-0.043110352,-10.412348,10.559641
1728012732691,1,3,1.7040564,-9.321416,8.162227
1728012732701,1,3,1.3974938,-8.933423,5.4486694
1728012732711,1,3,1.0466236,-8.331076,2.8369007
1728012732721,1,3,0.66701293,-8.084389,0.59635985
1728012732731,1,3,-0.18681152,-8.065228,-0.09699829
1728012732741,1,3,-0.791554,-9.2328005,-2.569856
1728012732751,1,3,-0.65623534,-9.78605,-5.4067564
1728012732761,1,3,-0.5604346,-10.174043,-8.8484
1728012732771,1,3,-1.0035132,-9.950109,-9.83874
1728012732781,1,3,-1.773512,-10.394384,-10.07465
1728012732791,1,3,-3.8320312,-9.992022,-8.049661
1728012732801,1,3,-6.683302,-9.598041,-9.47829
1728012732811,1,3,-7.7119627,-9.804012,-13.774955
1728012732821,1,3,-5.5588403,-9.871073,-11.923605
1728012732831,1,3,-2.699187,-10.369237,-10.745255
1728012732841,1,3,-0.7041357,-10.259067,-9.801618
1728012732851,1,3,0.2574646,-9.80521,-8.543035
1728012732861,1,3,0.28740233,-8.720266,-6.610254
1728012732871,1,3,0.19998413,-7.7742333,-5.3600535
1728012732881,1,3,-0.58438474,-7.4161777,-3.2751892
1728012732891,1,3,-1.4837146,-7.2856493,-0.24548951
1728012732901,1,3,-1.8920654,-7.533534,1.3615686
1728012732911,1,3,-2.0058289,-7.93949,0.7197034
1728012732921,1,3,-2.0118165,-8.915461,0.82867676
1728012732931,1,3,-1.8860779,-10.1824255,3.8320312
1728012732941,1,3,-1.9758911,-10.538086,9.158555
1728012732951,1,3,-0.791554,-10.1896105,10.242301
1728012732961,1,3,0.7604187,-8.751401,7.526349
1728012732971,1,3,0.87777466,-7.7251353,5.3600535
1728012732981,1,3,-0.43349853,-7.301217,4.811594
1728012732991,1,3,-1.5591577,-7.7526784,3.554209
1728012733001,1,3,-1.5938855,-8.162227,2.9039612
1728012733011,1,3,-0.65264285,-9.1621475,0.25506958
1728012733021,1,3,0.25387207,-9.933344,-3.4548156
1728012733031,1,3,0.19160156,-9.701027,-7.6556797
1728012733041,1,3,-0.10777588,-9.528585,-10.290201
1728012733051,1,3,-0.62390256,-9.002878,-9.376501
1728012733061,1,3,-2.6764343,-8.437654,-8.874744
1728012733071,1,3,-4.7086086,-8.313113,-11.69009
1728012733081,1,3,-6.382727,-8.722661,-17.948277
1728012733091,1,3,-5.5312977,-8.784931,-13.736634
1728012733101,1,3,-3.7901185,-9.811197,-11.702065
1728012733111,1,3,-2.1555176,-10.389595,-10.366842
1728012733121,1,3,-0.7652087,-10.71891,-9.084309
1728012733131,1,3,0.16765137,-10.785971,-8.455616
1728012733141,1,3,0.06346802,-9.382489,-6.0007215
1728012733151,1,3,-1.0083032,-8.681946,-3.9050794
1728012733161,1,3,-2.5518932,-8.460406,-0.7807764
1728012733171,1,3,-3.5230737,-7.5610766,2.142345
1728012733181,1,3,-2.4716601,-7.835306,0.53049684
1728012733191,1,3,-1.5579602,-8.505912,0.49696654
1728012733201,1,3,-1.7519568,-9.3944645,4.8942223
1728012733211,1,3,-2.6141639,-10.221943,12.400213
1728012733221,1,3,-1.475332,-10.278226,12.937896
1728012733231,1,3,0.42152345,-8.79571,8.491542
1728012733241,1,3,0.8238867,-8.161029,5.22234
1728012733251,1,3,-0.23950195,-8.250842,3.3434472
1728012733261,1,3,-0.6706055,-8.281978,1.7543519
1728012733271,1,3,-0.064665526,-8.484357,-0.21435425
1728012733281,1,3,0.6502478,-9.257948,-2.6464965
1728012733291,1,3,0.85142946,-9.789642,-6.582711
1728012733301,1,3,0.41673338,-9.584868,-10.359657
1728012733311,1,3,-0.2945874,-9.589658,-12.285253
1728012733321,1,3,-1.1819421,-9.687854,-9.945318
1728012733331,1,3,-2.5710535,-9.3381815,-7.550299
1728012733341,1,3,-5.3756213,-9.727372,-10.421927
1728012733351,1,3,-6.9515443,-10.566826,-13.721066
1728012733361,1,3,-5.254673,-10.660232,-11.60866
1728012733371,1,3,-2.9722192,-10.298584,-11.426639
1728012733381,1,3,-1.2094848,-9.438772,-10.346484
1728012733391,1,3,0.04790039,-8.685538,-8.854387
1728012733401,1,3,0.6813831,-7.9909825,-7.0317774
1728012733411,1,3,0.8238867,-7.595804,-4.519402
1728012733421,1,3,0.7927515,-8.220904,-2.45729
1728012733431,1,3,0.5053491,-8.350236,-1.961521
1728012733441,1,3,0.6167175,-8.743019,-3.791316
1728012733451,1,3,0.17723145,-9.569301,-4.235592
1728012733461,1,3,-0.16525635,-10.729688,-1.5399976
1728012733471,1,3,-0.432301,-11.852952,2.2094054
1728012733481,1,3,-0.55923706,-11.728411,5.158872
1728012733491,1,3,0.03592529,-9.3944645,4.819977
1728012733501,1,3,1.1915222,-7.860454,-1.7375866
1728012733511,1,3,1.0945239,-5.879773,-5.8833656
1728012733521,1,3,0.32093263,-3.4847534,-7.0533323
1728012733531,1,3,0.3161426,-1.8741028,-8.152646
1728012733541,1,3,0.71251833,-2.0094213,-11.502081
1728012733551,1,3,0.80233157,-2.7267296,-14.239589
1728012733561,1,3,0.70174074,-3.2129188,-14.728172
1728012733571,1,3,0.3065625,-2.8680358,-13.158237
1728012733581,1,3,-0.3161426,-1.8860779,-11.555969
1728012733591,1,3,-0.791554,-1.0502161,-11.381133
1728012733601,1,3,-1.047821,-0.59516233,-11.705658
1728012733611,1,3,-1.4513818,-1.7627344,-11.626622
1728012733621,1,3,-1.4082714,-3.754193,-10.048305
1728012733631,1,3,-1.3052857,-5.53968,-8.952583
1728012733641,1,3,-0.49816406,-6.8341885,-10.289004
1728012733651,1,3,-0.24429199,-7.36229,-11.03625
1728012733661,1,3,-0.47062135,-6.8772984,-10.002799
1728012733671,1,3,-0.5292993,-6.431825,-9.879456
1728012733681,1,3,-0.039517824,-5.083429,-9.230405
1728012733691,1,3,0.79993653,-3.747008,-10.001601
1728012733701,1,3,1.2825329,-2.4764502,-10.164463
1728012733711,1,3,1.5208374,-3.0165272,-9.898616
1728012733721,1,3,1.705254,-4.212839,-8.377778
1728012733731,1,3,1.4717395,-5.461842,-6.5575633
1728012733741,1,3,1.0166858,-7.0641103,-8.303533
1728012733751,1,3,0.21195923,-6.871311,-8.496332
1728012733761,1,3,-0.29219237,-6.6090565,-9.461525
1728012733771,1,3,-1.0154883,-5.564828,-11.360775
1728012733781,1,3,-1.7723144,-5.422324,-13.547428
1728012733791,1,3,-2.1627026,-5.767207,-12.5319395
1728012733801,1,3,-1.1496093,-7.2401443,-11.363171
1728012733811,1,3,-0.05508545,-8.614885,-10.160871
1728012733821,1,3,0.5676196,-9.268725,-8.029303
1728012733831,1,3,1.3471985,-9.378897,-5.9612036
1728012733841,1,3,1.8776953,-8.640033,-4.9792457
1728012733851,1,3,1.9639161,-7.923922,-6.1839404
1728012733861,1,3,1.6657361,-6.9970493,-8.27599
1728012733871,1,3,1.1891272,-6.205496,-9.966874
1728012733881,1,3,0.54726195,-5.4175344,-10.665022
1728012733891,1,3,-0.040715333,-5.078639,-11.249407
1728012733901,1,3,-0.63108766,-5.2882032,-11.854149
1728012733911,1,3,-0.8849597,-4.9229627,-12.28166
1728012733921,1,3,-0.09580078,-4.390071,-14.168936
1728012733931,1,3,-0.25985962,-4.4331813,-15.1556835
1728012733941,1,3,0.3293152,-0.020357667,-11.693683
1728012733951,1,3,0.78915894,2.9135413,-10.854229
1728012733961,1,3,0.9903406,4.2008643,-9.22801
1728012733971,1,3,1.463357,3.5925293,-8.339458
1728012733996,1,3,1.3891113,1.4513818,-6.301296
1728012734006,1,3,0.3568579,-1.653761,-3.8679566
1728012734016,1,3,-0.28500733,-4.461921,-3.121908
1728012734026,1,3,0.429906,-6.292914,-6.3815293
1728012734036,1,3,-0.27782226,-6.981482,-11.365565
1728012734046,1,3,-1.3855188,-6.461763,-13.458813
1728012734056,1,3,-1.2813355,-5.860613,-12.284055
1728012734066,1,3,-0.8250842,-4.6164002,-9.932146
1728012734076,1,3,-0.671803,-3.321892,-9.277108
1728012734086,1,3,-0.5783972,-2.5686584,-9.553733
1728012734096,1,3,-0.32093263,-2.215393,-10.019565
1728012734106,1,3,0.05029541,-3.5949242,-11.408675
1728012734116,1,3,-0.24548951,-5.910908,-11.57992
1728012734126,1,3,-1.1328442,-7.731123,-10.746452
1728012734136,1,3,-0.7819739,-8.151449,-10.065069
1728012734146,1,3,-0.13891113,-7.37187,-9.522597
1728012734156,1,3,-0.66940796,-6.1456203,-8.459209
1728012734166,1,3,-0.35326537,-6.3156667,-10.929671
1728012734176,1,3,-0.81191164,-6.7898803,-11.966715
1728012734186,1,3,-0.8861572,-7.4149804,-10.067465
1728012734196,1,3,-0.13771363,-7.6413097,-8.398136
1728012734206,1,3,0.28859985,-6.843768,-8.264015
1728012734216,1,3,0.8789722,-6.171965,-9.515412
1728012734226,1,3,1.2118798,-5.2415004,-10.160871
1728012734236,1,3,1.8573376,-3.942202,-9.303453
1728012734246,1,3,2.3626869,-3.4775684,-9.748927
1728012734256,1,3,2.7973828,-3.1769934,-10.177635
1728012734266,1,3,2.7446923,-3.2775843,-10.341694
1728012734276,1,3,2.034569,-3.739823,-10.253078
1728012734286,1,3,1.4849122,-3.9877076,-10.599159
1728012734296,1,3,0.979563,-4.355343,-10.979967
1728012734306,1,3,0.55803955,-5.007986,-10.854229
1728012734316,1,3,-0.021555176,-5.151687,-9.509425
1728012734326,1,3,-0.48618898,-5.007986,-8.909472
1728012734336,1,3,-0.735271,-5.435497,-7.96823
1728012734346,1,3,-0.7879614,-4.90021,-6.9707046
1728012734356,1,3,-0.15208374,-4.599635,-9.678274
1728012734366,1,3,0.38080812,-4.0811133,-13.761783
1728012734376,1,3,0.17723145,-2.9422815,-16.01789
1728012734386,1,3,0.676593,-1.5471826,-16.863333
1728012734396,1,3,1.348396,-0.038320314,-16.417858
1728012734406,1,3,1.2573853,0.9196875,-13.357024
1728012734416,1,3,1.0490185,-0.30416748,-11.292517
1728012734426,1,3,0.62390256,-1.7040564,-10.5129385
1728012734436,1,3,-0.2933899,-3.6068995,-10.717712
1728012734446,1,3,-1.0011182,-5.677394,-10.536888
1728012734456,1,3,-1.8154248,-7.4485106,-8.637638
1728012734466,1,3,-2.4177723,-8.750204,-6.5048733
1728012734476,1,3,-2.4141798,-9.692644,-6.109695
1728012734486,1,3,-1.7100439,-9.395661,-6.9778895
1728012734496,1,3,-1.1520044,-7.4006104,-5.886958
1728012734506,1,3,-0.45864624,-6.9874697,-6.114485
1728012734516,1,3,-0.09101074,-7.652087,-7.418573
1728012734526,1,3,0.42391846,-10.029144,-8.568182
1728012734536,1,3,0.24429199,-12.342733,-6.995852
1728012734546,1,3,0.16525635,-14.02284,-3.138673
1728012734556,1,3,1.411864,-14.050382,0.3939807
1728012734566,1,3,2.3495142,-14.298266,0.5664221
1728012734576,1,3,1.9411633,-14.141393,-3.6404297
1728012734586,1,3,0.49936157,-13.694721,-6.495293
1728012734596,1,3,0.48499146,-11.965518,-9.092691
1728012734606,1,3,0.5161267,-8.604108,-9.625584
1728012734616,1,3,0.59156984,-6.581514,-9.211246
1728012734626,1,3,0.4155359,-6.4593678,-7.1191955
1728012734636,1,3,0.39996827,-7.589817,-3.7386255
1728012734646,1,3,0.26704466,-9.577683,-3.612887
1728012734656,1,3,-1.0226734,-10.472223,-2.2189856
1728012734666,1,3,-2.0429516,-9.517808,-1.783092
1728012734676,1,3,-2.2561083,-7.267687,-1.84656
1728012734686,1,3,-2.0932472,-5.0678616,-2.071692
1728012734696,1,3,-2.405797,-3.5015185,-1.0190808
1728012734706,1,3,-2.753075,-2.8476782,-0.124541014
1728012734716,1,3,-2.696792,-2.6045837,0.48738647
1728012734726,1,3,-2.4141798,-3.0392797,1.0597961
1728012734736,1,3,-2.086062,-3.8583765,1.2382251
1728012734746,1,3,-1.9543359,-4.0583606,2.0082238
1728012734762,1,3,-1.411864,-3.786526,1.6980689
1728012734772,1,3,-1.2549902,-3.190166,0.53049684
1728012734782,1,3,-0.5628296,-2.4800427,-2.3099964
1728012734792,1,3,0.22992188,-2.9159362,-5.5827904
1728012734802,1,3,0.41074586,-3.7709582,-7.858059
1728012734812,1,3,0.2694397,-4.86189,-9.298663
1728012734822,1,3,-0.1580713,-6.001919,-9.244776
1728012734832,1,3,-0.17603393,-7.811356,-8.812474
1728012734842,1,3,-0.13292359,-9.560918,-8.176597
1728012734852,1,3,0.0,-11.299702,-6.9036436
1728012734862,1,3,-1.0729687,-12.353511,-5.0163684
1728012734872,1,3,-0.0742456,-14.038407,-6.12167
1728012734882,1,3,-0.07304809,-16.266973,-8.267608
1728012734892,1,3,-0.24548951,-18.130299,-8.840017
1728012734902,1,3,-0.47181883,-18.579365,-6.6497717
1728012734912,1,3,-0.556842,-17.65848,-3.556604
1728012734922,1,3,-0.5939648,-16.014297,-1.9136206
1728012734932,1,3,-0.79035646,-14.370117,-2.518363
1728012734942,1,3,-1.3316308,-12.658875,-3.9362147
1728012734952,1,3,-1.0945239,-10.510543,-4.430786
1728012734962,1,3,-1.8238074,-8.903485,-3.9565723
1728012734972,1,3,-3.5685792,-7.4401283,-2.0130138
1728012734982,1,3,-4.493057,-6.7204247,-0.7532337
1728012734992,1,3,-3.0919702,-6.8964586,-2.1016297
1728012735002,1,3,-0.68976563,-7.061715,-3.1686108
1728012735012,1,3,0.94363767,-7.834109,-3.190166
1728012735022,1,3,1.047821,-9.235195,-2.1255798
1728012735034,1,3,0.95321774,-10.414742,-1.3256433
1728012735044,1,3,-0.6143225,-9.79084,0.61073
1728012735054,1,3,-3.993695,-8.291557,3.4727783
1728012735064,1,3,-3.5003211,-8.643625,3.7769458
1728012735074,1,3,0.1963916,-8.108338,2.1195922
1728012735084,1,3,1.9291883,-7.181466,-0.6550378
1728012735094,1,3,0.8909473,-8.198152,-4.167334
1728012735104,1,3,-1.5938855,-8.691525,-2.8369007
1728012735114,1,3,-2.1291723,-9.110654,-1.2274475
1728012735124,1,3,-2.3195765,-9.956097,-1.2681628
1728012735134,1,3,-3.458408,-11.102113,0.552052
1728012735144,1,3,-2.1339624,-11.287727,1.2825329
1728012735154,1,3,0.19160156,-10.014774,-1.2861255
1728012735164,1,3,1.9471508,-11.479328,-5.1840196
1728012735174,1,3,0.97118044,-11.1392355,-5.1480947
1728012735184,1,3,-0.24668701,-11.426639,-5.8246875
1728012735194,1,3,0.11615845,-9.438772,-4.0044727
1728012735204,1,3,-0.5041516,-7.5275464,-3.8943017
1728012735214,1,3,-1.6166382,-7.531139,-5.302573
1728012735224,1,3,-1.4537768,-7.5491014,-6.565946
1728012735234,1,3,-1.341211,-7.1922436,-6.5946865
1728012735244,1,3,-1.5807129,-6.901249,-6.0126967
1728012735254,1,3,-1.6597486,-6.525231,-6.277346
1728012735264,1,3,-1.4597644,-6.0641894,-7.0880604
1728012735274,1,3,-1.6310083,-6.065387,-7.5610766
1728012735284,1,3,-1.5352075,-5.7995396,-7.6712475
1728012735294,1,3,-0.8969348,-5.7121215,-8.226892
1728012735304,1,3,-0.38679564,-5.8857603,-8.819659
1728012735314,1,3,-0.043110352,-5.5827904,-9.57888
1728012735324,1,3,0.19399658,-5.0642686,-9.977652
1728012735334,1,3,0.123343505,-4.5325747,-9.680669
1728012735344,1,3,0.27542725,-4.548142,-9.262738
1728012735354,1,3,-0.18561402,-4.812792,-8.087981
1728012735364,1,3,-0.20477417,-5.327721,-7.5934095
1728012735374,1,3,-0.31135255,-5.694159,-6.8162255
1728012735384,1,3,-0.20716919,-6.0737696,-6.7826953
1728012735394,1,3,-0.07185058,-6.246211,-7.331155
1728012735404,1,3,-0.19279908,-6.1743603,-8.074808
1728012735414,1,3,0.05388794,-5.9839563,-8.498727
1728012735424,1,3,0.15328126,-4.7768664,-8.729846
1728012735434,1,3,0.28500733,-3.6775525,-9.157357
1728012735444,1,3,-0.05029541,-2.8728259,-9.222023
1728012735454,1,3,-0.009580079,-2.4920177,-9.504635
1728012735464,1,3,-0.38679564,-2.6213489,-9.663904
1728012735474,1,3,-0.7652087,-3.8368213,-9.871073
1728012735484,1,3,-1.3939013,-5.412744,-9.921369
1728012735494,1,3,-1.4334192,-6.6701293,-9.836346
1728012735504,1,3,-1.660946,-6.581514,-9.025631
1728012735514,1,3,-1.162782,-5.1205516,-9.648336
1728012735524,1,3,-0.14130615,-2.8452833,-11.4625635
1728012735534,1,3,-0.08741821,-1.3579761,-12.211007
1728012735544,1,3,-0.8071216,-1.9411633,-11.609858
1728012735554,1,3,-0.41314086,-2.877616,-10.42552
1728012735564,1,3,0.039517824,-4.267925,-10.480605
1728012735574,1,3,-0.34009278,-5.9635987,-10.553654
1728012735584,1,3,-0.23950195,-6.9503465,-9.941726
1728012735594,1,3,-0.0023950196,-7.8784165,-10.019565
1728012735604,1,3,-0.08023316,-8.489147,-8.660391
1728012735614,1,3,0.21315674,-8.6077,-7.308402
1728012735624,1,3,0.791554,-7.9766126,-6.8258057
1728012735634,1,3,1.1963123,-5.860613,-7.174281
1728012735644,1,3,1.2142749,-3.2799792,-8.207732
1728012735654,1,3,1.1076965,-1.104104,-9.551338
1728012735664,1,3,0.5233118,-0.35087037,-10.686577
1728012735674,1,3,0.21674927,-1.0083032,-11.679313
1728012735684,1,3,-0.13771363,-2.0130138,-11.296109
1728012735694,1,3,-0.25387207,-3.4572108,-10.524914
1728012735704,1,3,-0.07304809,-4.790039,-9.686657
1728012735714,1,3,0.14609618,-5.3852015,-9.356144
1728012735724,1,3,0.2215393,-4.934938,-9.074729
1728012735734,1,3,0.4047583,-4.453539,-9.760902
1728012735744,1,3,0.09580078,-4.0272255,-10.098599
1728012735754,1,3,-0.5640271,-3.2967443,-10.523716
1728012735764,1,3,-1.1316468,-1.7866845,-10.40636
1728012735774,1,3,-1.8262024,-2.215393,-11.369158
1728012735784,1,3,-1.7483642,-2.8273206,-11.829001
1728012735794,1,3,-1.3280383,-3.2009437,-13.280383
1728012735804,1,3,-0.99752563,-3.5266662,-14.845529
1728012735814,1,3,-0.9675879,-4.357738,-14.178515
1728012735824,1,3,-1.6669335,-5.290598,-11.159594
1728012735834,1,3,-1.7076489,-5.2007847,-8.543035
1728012735844,1,3,-1.9507434,-4.637955,-7.9083543
1728012735854,1,3,-2.4022045,-4.315825,-8.819659
1728012735864,1,3,-2.826123,-3.854784,-8.6699705
1728012735874,1,3,-2.9482691,-3.681145,-8.152646
1728012735884,1,3,-2.3578968,-3.8188586,-8.134684
1728012735894,1,3,-1.8441651,-4.3697133,-8.685538
1728012735904,1,3,-1.7232165,-5.2259326,-9.56451
1728012735914,1,3,-1.4537768,-6.427035,-10.266252
1728012735924,1,3,-2.151925,-7.2557116,-10.383607
1728012735934,1,3,-2.8919861,-7.7275305,-9.45434
1728012735944,1,3,-3.9877076,-8.049661,-8.103549
1728012735954,1,3,-5.3528686,-8.292755,-7.37187
1728012735964,1,3,-5.931266,-8.577763,-6.74198
1728012735974,1,3,-5.518125,-8.672366,-5.290598
1728012735984,1,3,-4.7888417,-9.174122,-3.5110986
1728012735994,1,3,-4.197272,-9.7884445,-2.8608508
1728012736004,1,3,-3.5649865,-10.15129,-3.2009437
1728012736014,1,3,-3.5218763,-10.575209,-3.4847534
1728012736024,1,3,-4.348158,-11.008707,-2.943479
1728012736034,1,3,-5.2510805,-11.426639,-2.5219555
1728012736044,1,3,-6.0246716,-11.206296,-2.4249573
1728012736054,1,3,-6.539601,-10.585986,-2.5950036
1728012736064,1,3,-6.6006737,-9.301059,-1.6705261
1728012736074,1,3,-6.1396327,-8.127499,-0.6047424
1728012736093,1,3,-5.522915,-6.9503465,-0.05867798
1728012736103,1,3,-5.277426,-6.133645,-0.46343628
1728012736113,1,3,-5.5121374,-5.1995873,-0.33769774
1728012736123,1,3,-5.962401,-4.731361,-0.26704466
1728012736133,1,3,-6.308481,-4.429589,-0.3580554
1728012736143,1,3,-6.2090883,-3.570974,-0.48379394
1728012736153,1,3,-5.980364,-2.7758276,-0.08861572
1728012736163,1,3,-5.6977515,-2.227368,0.49816406
1728012736173,1,3,-5.261858,-2.4536974,0.91489744
1728012736183,1,3,-4.8283596,-3.7529955,1.1340418
1728012736193,1,3,-4.679868,-5.492977,0.87298465
1728012736203,1,3,-4.940925,-7.38624,-0.29817992
1728012736213,1,3,-5.7755895,-8.758587,-0.97716796
1728012736223,1,3,-6.3515916,-9.633966,-1.3663586
1728012736233,1,3,-6.6485744,-10.106982,-2.0070264
1728012736243,1,3,-6.7898803,-9.777667,-1.719624
1728012736253,1,3,-7.03058,-8.704699,-1.1244617
1728012736263,1,3,-7.0221972,-7.3994126,-0.8969348
1728012736273,1,3,-6.4988856,-6.4174547,-1.3100756
1728012736283,1,3,-5.7384667,-6.0103016,-1.8525476
1728012736293,1,3,-5.1600695,-6.3503942,-1.8178198
1728012736303,1,3,-4.813989,-7.501201,-1.9279907
1728012736313,1,3,-4.291875,-8.417296,-2.0369642
1728012736323,1,3,-3.6955152,-9.20406,-2.2872436
1728012736333,1,3,-4.052373,-9.356144,-2.6057813
1728012736343,1,3,-4.525389,-9.558523,-2.687212
1728012736353,1,3,-5.019961,-9.384884,-3.3039293
1728012736363,1,3,-5.012776,-8.7897215,-4.1936793
1728012736373,1,3,-5.0175657,-8.034093,-5.2426977
1728012736383,1,3,-4.8750625,-7.350315,-6.070177
1728012736393,1,3,-4.794829,-6.9204087,-5.9288707
1728012736403,1,3,-4.2810974,-6.295309,-5.3133507
1728012736413,1,3,-3.6823425,-6.6246243,-6.2078905
1728012736423,1,3,-3.5410364,-6.9311867,-7.484436
1728012736433,1,3,-3.502716,-7.0952454,-8.793314
1728012736443,1,3,-3.6033068,-6.9707046,-9.071136
1728012736453,1,3,-3.7110827,-6.6162415,-8.968151
1728012736463,1,3,-3.8823266,-6.1396327,-8.921448
1728012736473,1,3,-4.0487804,-6.0737696,-9.416019
1728012736483,1,3,-3.9996827,-5.9588084,-9.605226
1728012736493,1,3,-3.4991236,-5.6881714,-9.590856
1728012736503,1,3,-3.2308815,-5.884563,-9.441167
1728012736513,1,3,-3.06802,-6.1683726,-9.636361
1728012736523,1,3,-3.011737,-6.382727,-8.813672
1728012736533,1,3,-2.9662316,-6.3276415,-8.393346
1728012736543,1,3,-2.950664,-5.8905506,-8.213719
1728012736553,1,3,-3.0476623,-5.253475,-8.581355
1728012736563,1,3,-2.997367,-4.7050157,-9.453142
1728012736573,1,3,-2.9853919,-4.5601172,-10.275831
1728012736583,1,3,-3.1326857,-4.26074,-10.5620365
1728012736593,1,3,-3.1722033,-3.2356713,-9.923763
1728012736602,1,3,-3.0967603,-2.4656725,-9.618399
1728012736612,1,3,-3.1578333,-2.1363573,-9.687854
1728012736622,1,3,-3.3985326,-2.3854394,-9.631571
1728012736632,1,3,-3.145858,-2.9255164,-9.342971
1728012736642,1,3,-2.7494824,-3.359015,-9.425599
1728012736652,1,3,-2.5423133,-3.4500256,-9.736952
1728012736662,1,3,-2.2812562,-3.578159,-10.334509
1728012736672,1,3,-2.3028114,-3.554209,-10.2315235
1728012736682,1,3,-2.5638685,-3.6775525,-9.999207
1728012736692,1,3,-2.682422,-3.436853,-9.892628
1728012736702,1,3,-2.8560607,-3.3518298,-10.195599
1728012736712,1,3,-2.8524683,-3.4703834,-10.150093
1728012736722,1,3,-2.577041,-3.3554223,-9.395661
1728012736732,1,3,-2.2453308,-3.2153137,-9.079519
1728012736742,1,3,-1.9782861,-3.3278797,-9.726174
1728012736752,1,3,-2.0549269,-3.3003368,-9.989627
1728012736762,1,3,-2.3998096,-3.0500574,-10.015972
1728012736772,1,3,-2.858456,-3.1566358,-9.910591
1728012736782,1,3,-3.1961536,-3.4081128,-9.298663
1728012736792,1,3,-3.424878,-3.6751575,-8.533455
1728012736802,1,3,-3.9122643,-3.9242394,-8.629255
1728012736812,1,3,-4.1170387,-3.5087037,-8.814869
1728012736829,1,3,-4.2032595,-3.006947,-8.998089
1728012736839,1,3,-3.9853125,-2.4920177,-9.22322
1728012736849,1,3,-3.7949085,-2.1974304,-9.425599
1728012736859,1,3,-3.6595898,-2.1100123,-9.623188
1728012736869,1,3,-3.4895434,-2.2872436,-9.547746
1728012736879,1,3,-3.1422656,-3.0764027,-9.764495
1728012736889,1,3,-2.8608508,-3.9050794,-9.9644785
1728012736899,1,3,-2.863246,-4.167334,-9.226812
1728012736909,1,3,-2.9159362,-4.467909,-9.005274
1728012736919,1,3,-2.9291089,-4.7349534,-9.102272
1728012736929,1,3,-2.9243188,-5.4175344,-9.708212
1728012736939,1,3,-2.8357031,-6.227051,-10.144105
1728012736949,1,3,-2.5950036,-7.010222,-10.433903
1728012736959,1,3,-2.6285338,-7.345525,-10.378818
1728012736969,1,3,-2.523153,-6.8796935,-10.860216
1728012736979,1,3,-2.5207582,-5.696554,-10.847043
1728012736989,1,3,-2.3459215,-4.196074,-10.782378
1728012736999,1,3,-2.1279747,-3.290757,-10.848241
1728012737009,1,3,-2.3650818,-3.793711,-11.1320505
1728012737019,1,3,-2.2896388,-4.5529323,-10.836266
1728012737029,1,3,-2.325564,-5.2894006,-9.544153
1728012737039,1,3,-2.6488917,-6.4006896,-9.142987
1728012737049,1,3,-3.0201197,-6.9024463,-8.812474
1728012737059,1,3,-3.4488282,-6.8868785,-8.533455
1728012737069,1,3,-3.6380346,-6.6330066,-9.210048
1728012737079,1,3,-3.5578015,-6.2474084,-9.980046
1728012737089,1,3,-3.2883618,-5.988746,-10.693762
1728012737099,1,3,-2.8716285,-5.5133348,-10.364447
1728012737109,1,3,-2.645299,-6.0498195,-10.76202
1728012737119,1,3,-2.7686427,-6.558761,-10.15129
1728012737129,1,3,-3.0129347,-7.34792,-9.142987
1728012737139,1,3,-3.441643,-8.259225,-7.795789
1728012737149,1,3,-3.7685633,-8.478369,-6.10251
1728012737159,1,3,-3.9877076,-9.045989,-5.484595
1728012737169,1,3,-4.5601172,-9.729767,-5.107379
1728012737179,1,3,-5.1145644,-9.509425,-4.1026683
1728012737189,1,3,-4.667893,-8.62207,-4.132606
1728012737199,1,3,-3.6547997,-7.4952135,-4.4104285
1728012737209,1,3,-3.2895594,-7.0150123,-4.398453
1728012737219,1,3,-3.4871485,-6.9611244,-3.4799633
1728012737229,1,3,-3.8871167,-7.156318,-2.3076012
1728012737239,1,3,-3.9649549,-7.467671,-1.3088782
1728012737249,1,3,-4.0667434,-7.479646,-0.61073
1728012737258,1,3,-4.24637,-7.274872,-0.3412903
1728012737268,1,3,-4.6475353,-6.8952613,-0.17842895
1728012737278,1,3,-5.243895,-6.5623536,-0.10538086
1728012737288,1,3,-5.836663,-6.260581,0.6478528
1728012737298,1,3,-6.4006896,-6.211483,1.5124549
1728012737308,1,3,-6.436615,-6.2102857,1.7028589
1728012737318,1,3,-6.221063,-6.082152,1.607058
1728012737328,1,3,-5.9695864,-5.7145166,1.7962646
1728012737338,1,3,-5.7827744,-4.973258,1.7950672
1728012737348,1,3,-5.642666,-4.2906775,1.9675086
1728012737358,1,3,-5.4402866,-3.666775,2.4153771
1728012737368,1,3,-5.302573,-3.4009278,2.7135572
1728012737378,1,3,-5.356461,-3.8907092,3.497926
1728012737388,1,3,-5.733677,-4.9481106,3.8068836
1728012737398,1,3,-6.001919,-6.212681,3.9362147
1728012737408,1,3,-6.561156,-7.2724767,4.0823107
1728012737418,1,3,-6.45338,-7.571854,3.8452039
1728012737428,1,3,-6.389912,-7.205416,3.4703834
1728012737438,1,3,-6.2150755,-6.8006577,3.3314722
1728012737448,1,3,-6.1935205,-5.9468336,3.4727783
1728012737458,1,3,-6.258186,-5.19839,3.4620008
1728012737468,1,3,-5.989944,-4.663103,3.2189062
1728012737478,1,3,-5.7025414,-4.277505,3.251239
1728012737488,1,3,-5.3145485,-4.4894643,3.2560291
1728012737498,1,3,-5.1756372,-4.733756,3.4045203
1728012737514,1,3,-5.2187476,-5.259463,3.2428565
1728012737524,1,3,-5.2977834,-5.6390734,3.0728102
1728012737534,1,3,-5.889353,-5.5265074,2.5962012
1728012737544,1,3,-6.2641735,-5.357659,1.8800904
1728012737554,1,3,-6.4881077,-5.1792297,1.7220191
1728012737564,1,3,-6.4234424,-5.0558863,1.4885046
1728012737574,1,3,-5.9228835,-5.163662,1.5579602
1728012737584,1,3,-5.2570677,-5.659431,1.7076489
1728012737594,1,3,-5.0307384,-6.0641894,1.4717395
1728012737604,1,3,-5.0989966,-6.40548,1.6896863
1728012737614,1,3,-5.1504893,-6.546786,1.3543836
1728012737624,1,3,-5.5384827,-6.4821205,1.3759388
1728012737634,1,3,-5.7540345,-6.3539867,1.2250525
1728012737644,1,3,-5.5708156,-6.6138463,0.8634045
1728012737654,1,3,-5.1768346,-7.230564,0.798739
1728012737664,1,3,-4.6978307,-7.9574523,0.9400452
1728012737674,1,3,-4.336183,-8.376581,0.83945435
1728012737684,1,3,-4.4415636,-8.911868,0.65623534
1728012737694,1,3,-4.6894484,-9.134604,0.9520203
1728012737704,1,3,-4.8283596,-8.653206,0.8861572
1728012737714,1,3,-4.555327,-8.0580435,0.6047424
1728012737724,1,3,-4.160149,-7.423363,-0.065863036
1728012737734,1,3,-4.3960586,-7.1203933,-0.20716919
1728012737744,1,3,-4.62119,-7.113208,-1.1927197
1728012737754,1,3,-4.184099,-7.0712953,-2.518363
1728012737764,1,3,-4.028423,-7.1599107,-3.5973194
1728012737774,1,3,-4.2020617,-7.298822,-3.8152661
1728012737784,1,3,-4.7086086,-7.789801,-4.543352
1728012737794,1,3,-5.0019984,-8.111931,-5.17444
1728012737804,1,3,-4.9481106,-8.139474,-5.9037232
1728012737814,1,3,-4.773274,-7.9814024,-6.973099
1728012737824,1,3,-4.5852647,-8.321495,-8.417296
1728012737834,1,3,-4.4571314,-8.5083065,-9.141789
1728012737844,1,3,-4.387676,-8.04487,-8.923842
1728012737854,1,3,-4.1637416,-7.3024144,-9.198072
1728012737864,1,3,-3.97693,-6.8533483,-9.998009
1728012737874,1,3,-3.2081287,-6.5384035,-10.705737
1728012737884,1,3,-2.6069787,-6.2007055,-10.911709
1728012737894,1,3,-2.706372,-5.988746,-10.690169
1728012737904,1,3,-2.7913952,-6.0330544,-10.985954
1728012737914,1,3,-2.4273522,-5.859415,-10.558444
1728012737924,1,3,-2.1255798,-5.5025573,-9.303453
1728012737934,1,3,-2.1579125,-5.5780005,-8.315508
1728012737944,1,3,-2.3195765,-5.618716,-8.442444
1728012737954,1,3,-2.3291564,-5.8486376,-9.260343
1728012737964,1,3,-2.8165429,-5.613926,-8.984916
1728012737974,1,3,-3.187771,-5.264253,-8.654403
1728012737984,1,3,-3.502716,-5.083429,-8.88672
1728012737994,1,3,-3.7889209,-5.219945,-8.87235
1728012738004,1,3,-3.8919067,-5.1947975,-8.814869
1728012738014,1,3,-3.8356237,-5.101392,-8.775352
1728012738024,1,3,-3.67875,-4.8547044,-8.374186
1728012738034,1,3,-3.3973353,-4.812792,-8.377778
1728012738044,1,3,-3.359015,-4.411626,-8.490344
1728012738054,1,3,-2.7949877,-4.212839,-9.554931
1728012738069,1,3,-2.8668385,-3.849994,-10.41594
1728012738079,1,3,-2.814148,-2.7997777,-10.65185
1728012738089,1,3,-2.9590466,-2.262096,-10.850636
1728012738099,1,3,-3.1207104,-1.9830762,-10.491383
1728012738109,1,3,-3.1817834,-2.1806653,-10.1824255
1728012738119,1,3,-3.290757,-2.3722668,-8.504714
1728012738129,1,3,-3.0213172,-2.9350965,-7.0976405
1728012738139,1,3,-3.0919702,-3.7050953,-7.37187
1728012738149,1,3,-3.3123121,-4.0882983,-8.57417
1728012738159,1,3,-3.2272887,-3.317102,-9.375304
1728012738169,1,3,-3.4835558,-2.1770728,-10.249486
1728012738179,1,3,-3.4655933,-1.6226257,-11.548784
1728012738189,1,3,-3.2751892,-1.705254,-12.020603
1728012738199,1,3,-3.0201197,-2.2680836,-11.424243
1728012738209,1,3,-2.591411,-3.0452673,-10.147697
1728012738219,1,3,-2.5518932,-4.0164475,-9.121432
1728012738229,1,3,-2.535128,-4.956493,-8.825647
1728012738239,1,3,-2.4716601,-6.021079,-8.608898
1728012738249,1,3,-2.4093897,-6.854546,-7.946675
1728012738259,1,3,-2.2656884,-7.176676,-7.7035804
1728012738269,1,3,-2.0561242,-7.310797,-8.520282
1728012738279,1,3,-2.0704944,-6.4030848,-9.068742
1728012738289,1,3,-2.203418,-4.888235,-9.480685
1728012738299,1,3,-2.4189696,-3.0620325,-9.941726
1728012738309,1,3,-2.6117687,-1.6022681,-10.688972
1728012738319,1,3,-3.0716126,-0.87777466,-11.543994
1728012738329,1,3,-3.1602283,-0.038320314,-11.939173
1728012738339,1,3,-2.9051588,-0.40835083,-12.734319
1728012738349,1,3,-3.0392797,-1.2561878,-12.422966
1728012738359,1,3,-3.427273,-1.6980689,-11.565549
1728012738369,1,3,-3.7314405,-0.73407346,-10.765613
1728012738379,1,3,-4.5792775,1.096919,-10.04591
1728012738389,1,3,-5.134922,1.9734961,-11.28653
1728012738399,1,3,-6.0222764,2.711162,-12.096046
1728012738409,1,3,-6.3743443,2.1806653,-12.5882225
1728012738419,1,3,-5.605543,0.7927515,-12.648098
1728012738429,1,3,-5.013973,-0.64186525,-11.769126
1728012738439,1,3,-4.331393,-1.8944604,-11.226654
1728012738449,1,3,-3.4560132,-2.955454,-10.902129
1728012738459,1,3,-2.818938,-3.737428,-10.02675
1728012738469,1,3,-2.4632776,-4.743336,-9.1849
1728012738479,1,3,-2.2956262,-4.6654983,-7.7682457
1728012738489,1,3,-1.6310083,-4.28948,-7.835306
1728012738499,1,3,-1.1939173,-5.1504893,-8.907078
1728012738508,1,3,-1.8106347,-6.4174547,-9.069939
1728012738518,1,3,-2.2441332,-7.37187,-9.166937
1728012738528,1,3,-1.9974463,-7.5467067,-9.134604
1728012738538,1,3,-1.6465759,-7.0653076,-8.619676
1728012738548,1,3,-1.4322217,-6.325247,-8.313113
1728012738558,1,3,-0.64066774,-4.9277525,-8.6843405
1728012738568,1,3,-0.2562671,-3.06802,-9.410031
1728012738578,1,3,-0.368833,-1.4022839,-10.600356
1728012738588,1,3,-0.9400452,-0.2323169,-11.086545
1728012738598,1,3,-1.284928,-0.27782226,-12.045751
1728012738608,1,3,-1.9220031,-1.5208374,-12.094849
1728012738618,1,3,-2.8488758,-3.1422656,-10.964399
1728012738628,1,3,-3.109933,-3.509901,-9.720187
1728012738638,1,3,-2.5806336,-2.286046,-10.350077
1728012738648,1,3,-2.767445,-0.48139894,-11.4206505
1728012738658,1,3,-3.2248938,1.52922,-12.149934
1728012738668,1,3,-3.984115,2.7758276,-12.530743
1728012738678,1,3,-4.3385777,2.9327013,-13.058844
1728012738688,1,3,-4.604425,2.323169,-12.945081
1728012738698,1,3,-4.982838,1.2370276,-12.074491
1728012738708,1,3,-5.0307384,-0.6777905,-11.884087
1728012738718,1,3,-4.787644,-2.6692493,-11.248209
1728012738728,1,3,-4.4475513,-4.2559495,-9.883048
1728012738738,1,3,-3.8080812,-4.90979,-8.640033
1728012738748,1,3,-3.0979578,-4.3517504,-7.828121
1728012738758,1,3,-2.2608984,-4.3122325,-8.59333
1728012738768,1,3,-1.8884729,-4.5565248,-8.055648
1728012738778,1,3,-1.6298108,-4.757706,-7.70837
1728012738788,1,3,-1.5148499,-5.205575,-8.084389
1728012738798,1,3,-1.6082556,-6.2354336,-8.465197
1728012738808,1,3,-1.6441809,-7.0150123,-8.479567
1728012738818,1,3,-1.6298108,-7.3131924,-8.487949
1728012738828,1,3,-1.1939173,-6.7623377,-8.6208725
1728012738838,1,3,-0.6490503,-5.652246,-9.224418
1728012738848,1,3,-0.41074586,-4.3613305,-9.845925
1728012738858,1,3,-0.61552,-3.0776,-10.528506
1728012738868,1,3,-1.2741504,-2.0501368,-11.400293
1728012738878,1,3,-1.9758911,-1.0490185,-12.602592
1728012738888,1,3,-2.6369164,-0.9316626,-13.603711
1728012738898,1,3,-3.3039293,-1.9675086,-13.936619
1728012738908,1,3,-3.4655933,-3.1769934,-13.513898
1728012738918,1,3,-2.838098,-4.230802,-12.7079735
1728012738928,1,3,-2.9758117,-4.8822474,-11.093731
1728012738938,1,3,-2.8572583,-4.6499305,-9.51661
1728012738948,1,3,-2.4225624,-3.873944,-9.54535
1728012738958,1,3,-2.2249732,-3.4129028,-10.37762
1728012738968,1,3,-2.5530908,-3.0524523,-10.783575
1728012738978,1,3,-2.9542565,-2.6009912,-10.340497
1728012738988,1,3,-3.0967603,-2.0381615,-9.481882
1728012738998,1,3,-3.4727783,-1.7471668,-9.206455
1728012739008,1,3,-3.7757483,-1.4082714,-9.568103
1728012739018,1,3,-3.9469922,-1.155597,-10.611134
1728012739028,1,3,-4.101471,-1.3519886,-10.226733
1728012739038,1,3,-3.791316,-2.8452833,-10.341694
1728012739048,1,3,-2.999762,-4.5780797,-10.750045
1728012739058,1,3,-2.9087512,-5.483397,-9.680669
1728012739068,1,3,-2.4333398,-5.9564137,-8.63644
1728012739078,1,3,-1.6286132,-6.0977197,-9.004076
1728012739088,1,3,-1.275348,-5.3432884,-8.010143
1728012739098,1,3,-1.9387683,-5.054689,-6.052214
1728012739108,1,3,-2.274071,-5.51573,-5.8570204
1728012739118,1,3,-3.0368848,-6.4545774,-6.4497876
1728012739128,1,3,-3.805686,-7.2269716,-6.6964746
1728012739138,1,3,-4.0272255,-7.5670643,-7.2652917
1728012739148,1,3,-3.739823,-7.618557,-8.115523
1728012739158,1,3,-3.265609,-7.115603,-8.898695
1728012739168,1,3,-2.767445,-5.9204884,-9.083112
1728012739178,1,3,-2.3123913,-4.4331813,-9.19448
1728012739188,1,3,-2.262096,-3.2775843,-8.7262535
1728012739198,1,3,-2.4261549,-3.359015,-8.171806
1728012739208,1,3,-2.4884253,-4.5217967,-7.723938
1728012739218,1,3,-2.9722192,-5.8642054,-7.310797
1728012739228,1,3,-3.1207104,-6.661747,-7.03537
1728012739238,1,3,-3.05844,-7.195836,-7.4976087
1728012739248,1,3,-3.194956,-7.3347473,-7.5131764
1728012739258,1,3,-3.4332604,-7.3000197,-6.8389783
1728012739268,1,3,-3.2332764,-7.408993,-5.879773
1728012739278,1,3,-2.8668385,-7.868837,-5.4043617
1728012739288,1,3,-2.550696,-8.743019,-5.149292
1728012739298,1,3,-2.6524842,-9.491463,-4.350553
1728012739308,1,3,-3.0596375,-9.956097,-3.2572265
1728012739318,1,3,-3.6500099,-10.075848,-2.0237916
1728012739328,1,3,-3.7482057,-9.589658,-1.3495935
1728012739338,1,3,-3.5697765,-9.25675,-1.5507752
1728012739348,1,3,-3.2117212,-9.423204,-2.3782544
1728012739358,1,3,-3.2955468,-9.369316,-2.8057654
1728012739368,1,3,-3.605702,-9.350156,-3.1566358
1728012739378,1,3,-4.045188,-9.14658,-3.3087194
1728012739388,1,3,-4.5708947,-8.869955,-3.0081446
1728012739398,1,3,-4.8163843,-8.560997,-2.586621
1728012739408,1,3,-5.0966015,-8.55501,-1.84656
1728012739418,1,3,-5.269043,-8.538244,-0.95441526
1728012739428,1,3,-5.3217335,-8.656798,-0.20477417
1728012739438,1,3,-5.149292,-8.8388195,-0.1592688
1728012739448,1,3,-4.970863,-8.883127,-0.028740235
1728012739458,1,3,-4.860692,-8.626861,0.16765137
1728012739468,1,3,-5.0918117,-8.323891,0.3903882
1728012739478,1,3,-5.428312,-7.984995,0.34488282
1728012739488,1,3,-5.706134,-7.550299,0.5999524
1728012739498,1,3,-5.7660093,-7.2161937,0.9675879
1728012739508,1,3,-5.7755895,-7.2066135,1.2657678
1728012739518,1,3,-5.6510487,-7.373068,1.348396
1728012739528,1,3,-5.540878,-7.401808,1.0562036
1728012739538,1,3,-5.4558544,-7.1922436,0.88855225
1728012739548,1,3,-5.252278,-6.650969,0.979563
1728012739558,1,3,-5.3061657,-6.086942,1.1663746
1728012739568,1,3,-5.2822156,-5.9468336,1.5962806
1728012739591,1,3,-5.435497,-5.7851696,1.8561401
1728012739601,1,3,-5.669011,-5.8330703,2.2333558
1728012739611,1,3,-5.924081,-5.9025254,2.3566992
1728012739621,1,3,-6.270161,-6.1851377,2.8081603
1728012739631,1,3,-6.370752,-6.582711,2.6812243
1728012739641,1,3,-6.267766,-6.588699,2.8668385
1728012739651,1,3,-6.1587925,-6.5863037,2.8919861
1728012739661,1,3,-5.938451,-6.47733,2.7339149
1728012739671,1,3,-5.8498354,-6.267766,2.7686427
1728012739681,1,3,-6.009104,-6.0546093,2.9758117
1728012739691,1,3,-6.0031166,-5.916896,2.7315197
1728012739701,1,3,-5.82828,-5.9192905,2.7339149
1728012739711,1,3,-5.710924,-6.1049047,2.6704469
1728012739721,1,3,-5.598358,-6.213878,2.7327173
1728012739731,1,3,-5.661826,-6.239026,2.9279113
1728012739741,1,3,-5.6582336,-6.221063,2.8512707
1728012739751,1,3,-5.9444385,-6.001919,2.7662475
1728012739761,1,3,-6.1935205,-5.779182,2.838098
1728012739771,1,3,-6.365962,-5.694159,2.8524683
1728012739781,1,3,-6.4306273,-5.7276893,2.858456
1728012739791,1,3,-6.412665,-5.816305,2.9674292
1728012739801,1,3,-6.173163,-5.971981,3.0213172
1728012739811,1,3,-6.053412,-6.0402393,3.1578333
1728012739821,1,3,-6.052214,-5.955216,3.0919702
1728012739831,1,3,-6.0079064,-5.9228835,3.4332604
1728012739841,1,3,-6.213878,-6.339617,4.0906935
1728012739851,1,3,-6.0893373,-7.0748878,4.502637
1728012739861,1,3,-5.8187,-7.555089,4.526587
1728012739871,1,3,-5.5708156,-7.5694594,4.4691067
1728012739881,1,3,-5.4271145,-7.026987,4.1685314
1728012739891,1,3,-5.381609,-6.091732,4.084706
1728012739901,1,3,-5.283413,-5.0642686,3.8260436
1728012739911,1,3,-5.52052,-4.3924656,3.7769458
1728012739921,1,3,-5.6797886,-4.0487804,3.7529955
1728012739931,1,3,-5.726492,-4.2248144,3.6679723
1728012739941,1,3,-5.7660093,-4.6499305,3.730243
1728012739951,1,3,-5.640271,-5.372029,4.038003
1728012739961,1,3,-5.725294,-6.0103016,4.123026
1728012739971,1,3,-5.7875648,-6.4737377,4.233197
1728012739981,1,3,-5.7779846,-6.4893055,4.164939
1728012739991,1,3,-6.0486217,-6.1456203,4.0260277
1728012740001,1,3,-6.1228676,-5.7564297,3.9014869
1728012740011,1,3,-6.028264,-5.3947816,3.7206628
1728012740021,1,3,-5.868995,-5.2343154,3.8116736
1728012740031,1,3,-5.6809864,-5.271438,3.7625756
1728012740041,1,3,-5.542075,-5.2139573,3.7853284
1728012740051,1,3,-5.7205043,-5.015171,3.8823266
1728012740061,1,3,-5.982759,-4.785249,3.8511915
1728012740071,1,3,-6.245013,-4.62119,3.5134935
1728012740081,1,3,-6.3935046,-4.54934,3.3973353
1728012740091,1,3,-6.497688,-4.812792,3.5925293
1728012740101,1,3,-6.5695386,-5.564828,3.878734
1728012740111,1,3,-6.5946865,-6.5132556,4.155359
1728012740121,1,3,-6.428232,-7.282057,4.398453
1728012740131,1,3,-6.2402234,-7.1994286,4.319418
1728012740141,1,3,-6.058202,-6.446195,4.0882983
1728012740151,1,3,-5.9755735,-5.4905825,3.749403
1728012740161,1,3,-5.967191,-4.5421543,3.6260595
1728012740171,1,3,-5.9025254,-3.8272412,3.5721717
1728012740181,1,3,-6.0953245,-3.622467,3.5937269
1728012740191,1,3,-6.3611717,-3.6643798,3.5326538
1728012740201,1,3,-6.6006737,-3.9577699,3.3087194
1728012740211,1,3,-6.7623377,-4.296665,3.1614258
1728012740221,1,3,-6.72282,-4.536167,3.0620325
1728012740231,1,3,-6.5934887,-4.6894484,2.8967762
1728012740241,1,3,-6.4306273,-4.61161,2.8500733
1728012740251,1,3,-6.4078746,-4.453539,2.454895
1728012740261,1,3,-6.2318406,-4.416416,1.8729053
1728012740271,1,3,-6.0150914,-4.472699,1.2609777
1728012740281,1,3,-5.7995396,-4.5684996,0.6322852
1728012740291,1,3,-5.7348742,-4.533772,0.3221301
1728012740301,1,3,-5.7193065,-4.6654983,-0.4646338
1728012740311,1,3,-5.500162,-4.743336,-1.1603869
1728012740321,1,3,-5.3947816,-5.484595,-1.7675244
1728012740331,1,3,-5.2247353,-6.339617,-1.7387842
1728012740341,1,3,-5.2139573,-7.436536,-2.4740553
1728012740351,1,3,-5.0091834,-8.465197,-2.7410998
1728012740361,1,3,-4.949308,-9.272318,-3.1123278
1728012740371,1,3,-4.8654823,-9.677076,-3.0787976
1728012740381,1,3,-4.7529163,-9.980046,-3.4512231
1728012740391,1,3,-4.5912523,-10.357262,-3.798501
1728012740401,1,3,-4.3517504,-10.528506,-3.1638207
1728012740411,1,3,-4.267925,-10.838661,-2.7494824
1728012740421,1,3,-3.5805542,-11.062595,-3.290757
1728012740431,1,3,-2.7818153,-11.578722,-4.2559495
1728012740441,1,3,-2.5938063,-11.666141,-4.472699
1728012740451,1,3,-2.5327332,-11.239826,-5.151687
1728012740461,1,3,-2.76984,-10.333312,-6.7359924
1728012740471,1,3,-3.2943494,-9.291478,-7.084468
1728012740481,1,3,-3.9146595,-7.9179344,-6.260581
1728012740491,1,3,-4.3421702,-7.0150123,-6.1516075
1728012740501,1,3,-3.9805224,-6.199508,-6.5994763
1728012740511,1,3,-3.446433,-6.0498195,-7.3491173
1728012740521,1,3,-2.9877868,-6.502478,-8.076006
1728012740531,1,3,-2.2824535,-7.1024303,-9.21364
1728012740541,1,3,-2.1064196,-7.021,-9.940529
1728012740551,1,3,-2.4884253,-6.894064,-10.308164
1728012740561,1,3,-2.5195606,-6.40548,-10.638677
1728012740571,1,3,-2.1698878,-6.045029,-10.775193
1728012740581,1,3,-2.5123756,-5.3852015,-10.259067
1728012740591,1,3,-2.0537293,-5.9061184,-10.956017
1728012740601,1,3,-1.5519726,-6.0977197,-10.2458935
1728012740611,1,3,-1.6417859,-5.384004,-8.657995
1728012740621,1,3,-1.4477893,-5.381609,-7.933502
1728012740631,1,3,-2.0237916,-6.300099,-5.088219
1728012740641,1,3,-2.8668385,-6.6246243,-4.406836
1728012740651,1,3,-3.502716,-6.5156507,-8.25204
1728012740661,1,3,-4.4834766,-6.0737696,-11.481724
1728012740671,1,3,-4.301455,-4.380491,-10.991942
1728012740681,1,3,-3.8978944,-3.5087037,-10.41594
1728012740691,1,3,-3.7613783,-2.743495,-9.8028145
1728012740701,1,3,-3.1015503,-2.1758752,-9.868678
1728012740711,1,3,-2.403402,-2.039359,-10.601554
1728012740721,1,3,-2.5399182,-2.8357031,-11.63261
1728012740731,1,3,-3.2177088,-4.5912523,-10.77639
1728012740741,1,3,-3.2871642,-5.2582655,-8.086783
1728012740751,1,3,-2.14474,-6.3743443,-8.823252
1728012740771,1,3,-2.2525158,-7.155121,-9.467512
1728012740781,1,3,-2.4884253,-7.5203614,-8.969348
1728012740791,1,3,-2.2046156,-7.9251194,-7.836504
1728012740801,1,3,-2.1195922,-8.859178,-6.810238
1728012740811,1,3,-1.8010547,-9.808803,-7.2784643
1728012740821,1,3,-1.9519409,-8.514295,-7.3994126
1728012740831,1,3,-2.1171973,-6.1037073,-8.086783
1728012740841,1,3,-2.5471032,-3.7410204,-9.868678
1728012740851,1,3,-3.5206788,-1.7399817,-11.379935
1728012740861,1,3,-4.2343946,-0.6825806,-11.785892
1728012740871,1,3,-4.291875,-0.54606444,-11.429033
1728012740881,1,3,-3.1542406,-1.7842896,-11.70925
1728012740891,1,3,-2.4752526,-3.2620165,-11.400293
1728012740901,1,3,-1.9902612,-4.839137,-10.515333
1728012740911,1,3,-1.6417859,-6.0414367,-8.993299
1728012740921,1,3,-1.8046472,-6.516848,-7.835306
1728012740931,1,3,-2.7135572,-6.47733,-7.723938
1728012740941,1,3,-3.98651,-5.7217016,-7.284452
1728012740951,1,3,-4.813989,-4.55892,-7.6173596
1728012740961,1,3,-5.4067564,-3.4308655,-7.7921963
1728012740971,1,3,-4.4978466,-2.0633094,-8.54064
1728012740981,1,3,-3.6080968,-1.592688,-9.936936
1728012740991,1,3,-3.4512231,-0.22273682,-8.772957
1728012741001,1,3,-2.4680676,-0.33530274,-10.468631
1728012741011,1,3,-2.2764661,-1.7040564,-11.431428
1728012741021,1,3,-3.2189062,-3.3087194,-9.254355
1728012741031,1,3,-3.1398706,-3.9218445,-7.870034
1728012741041,1,3,-3.1542406,-4.150569,-7.773036
1728012741051,1,3,-3.0835876,-4.5625124,-8.056846
1728012741061,1,3,-3.0740075,-4.398453,-9.181308
1728012741071,1,3,-2.5782385,-3.8092785,-10.130933
1728012741081,1,3,-3.2500415,-3.3721876,-10.130933
1728012741091,1,3,-3.1063404,-3.7649708,-11.193124
1728012741101,1,3,-3.473976,-4.113446,-10.006392
1728012741111,1,3,-3.3398547,-4.678671,-9.091495
1728012741121,1,3,-3.0237122,-4.6415477,-8.428074
1728012741131,1,3,-2.4680676,-4.679868,-8.707093
1728012741141,1,3,-2.2585034,-5.4798045,-9.595646
1728012741151,1,3,-2.6884093,-5.344486,-8.392148
1728012741161,1,3,-2.5854235,-5.4043617,-9.5214
1728012741171,1,3,-2.7830126,-5.3456836,-11.176358
1728012741181,1,3,-3.7218604,-3.0285022,-10.244696
1728012741191,1,3,-4.064348,-0.6586304,-9.910591
1728012741201,1,3,-3.2943494,-0.3927832,-11.585907
1728012741211,1,3,-3.305127,-1.1280541,-11.965518
1728012741221,1,3,-3.1374755,-2.7566674,-11.217074
1728012741231,1,3,-2.266886,-4.230802,-10.5764065
1728012741241,1,3,-1.8729053,-5.144502,-9.942924
1728012741251,1,3,-1.8010547,-5.142107,-9.486672
1728012741261,1,3,-1.4597644,-4.888235,-9.508227
1728012741271,1,3,-1.3986914,-5.0487013,-9.982441
1728012741281,1,3,-1.5352075,-6.053412,-10.07944
1728012741291,1,3,-1.5867004,-6.7264123,-9.310638
1728012741301,1,3,-1.5783179,-6.9048414,-8.368198
1728012741311,1,3,-1.3891113,-5.7564297,-7.6472974
1728012741321,1,3,-1.1364368,-4.1613464,-8.435259
1728012741331,1,3,-1.2466077,-2.811753,-9.728569
1728012741341,1,3,-1.8106347,-2.3291564,-10.859018
1728012741351,1,3,-2.506388,-2.1339624,-11.187137
1728012741361,1,3,-2.706372,-1.778302,-11.464958
1728012741371,1,3,-1.7950672,-1.3962964,-12.957056
1728012741381,1,3,-1.0825489,-1.6034656,-14.119838
1728012741391,1,3,-0.9915381,-2.2704785,-13.140275
1728012741401,1,3,-1.1771522,-2.4896228,-11.154803
1728012741411,1,3,-1.7519568,-1.6106507,-8.854387
1728012741421,1,3,-2.3926246,-0.9029224,-8.737031
1728012741431,1,3,-3.190166,0.1592688,-10.624307
1728012741441,1,3,-4.064348,1.4489868,-13.5378475
1728012741451,1,3,-5.8222923,3.6284547,-13.042079
1728012741461,1,3,-6.312074,4.096681,-13.626464
1728012741471,1,3,-6.860533,4.1194334,-14.135406
1728012741481,1,3,-6.925199,3.4236803,-13.616883
1728012741491,1,3,-6.187533,1.8705102,-11.611054
1728012741501,1,3,-5.083429,0.30416748,-9.721384
1728012741511,1,3,-3.4667907,-0.8095166,-9.556128
1728012741521,1,3,-2.0633094,-1.5124549,-9.764495
1728012741531,1,3,-1.52922,-2.7638526,-9.854308
1728012741541,1,3,-1.2513977,-3.8332288,-8.707093
1728012741551,1,3,-1.2597803,-3.742218,-7.740703
1728012741561,1,3,-0.66701293,-3.6559973,-9.635163
1728012741571,1,3,-0.50894165,-4.022435,-10.630294
1728012741581,1,3,-0.77838135,-4.7612987,-10.682984
1728012741591,1,3,-0.93286014,-5.9707837,-10.37762
1728012741601,1,3,-0.6969507,-7.03058,-9.625584
1728012741611,1,3,-0.556842,-7.7035804,-8.702304
1728012741621,1,3,-0.31015503,-7.213799,-8.0999565
1728012741631,1,3,0.04550537,-5.825885,-8.716674
1728012741641,1,3,-0.0371228,-3.6595898,-9.372909
1728012741651,1,3,-0.44786865,-1.421444,-9.926159
1728012741661,1,3,-1.2418176,-0.24189697,-10.910511
1728012741671,1,3,-1.8980529,0.05029541,-12.278068
1728012741681,1,3,-2.7901978,-0.9400452,-13.11393
1728012741691,1,3,-3.1602283,-2.1207898,-13.451627
1728012741701,1,3,-3.3470397,-1.8429675,-11.602673
1728012741711,1,3,-2.647694,-0.81789917,-10.589579
1728012741721,1,3,-2.4716601,0.7232959,-10.152488
1728012741731,1,3,-2.899171,1.8094373,-10.70933
1728012741741,1,3,-3.502716,2.2944288,-11.330837
1728012741751,1,3,-4.0751257,2.5483007,-11.630215
1728012741761,1,3,-5.1768346,1.9495459,-11.812237
1728012741771,1,3,-6.037844,1.6465759,-11.4206505
1728012741781,1,3,-6.0498195,1.8633252,-11.247012
1728012741791,1,3,-5.760022,1.0394385,-11.510464
1728012741801,1,3,-4.5325747,-0.23950195,-11.494896
1728012741811,1,3,-3.1590307,-1.3352234,-10.768008
1728012741821,1,3,-1.9291883,-2.6321266,-10.15129
1728012741831,1,3,-0.9508228,-4.388873,-10.033935
1728012741841,1,3,-0.8705896,-6.1671753,-8.970546
1728012741851,1,3,-1.0011182,-7.125183,-7.1371584
1728012741861,1,3,-0.70653075,-7.3443274,-6.6964746
1728012741871,1,3,-1.0717713,-6.6940794,-6.739585
1728012741881,1,3,-1.1855347,-5.868995,-7.6389146
1728012741891,1,3,-1.3220508,-4.749324,-8.592133
1728012741901,1,3,-1.1891272,-3.5230737,-10.290201
1728012741911,1,3,-1.3663586,-2.8321106,-11.769126
1728012741921,1,3,-1.9603235,-2.102827,-12.455299
1728012741931,1,3,-2.3339465,-1.2106824,-12.658875
1728012741941,1,3,-2.7782226,-0.5891748,-12.752281
1728012741951,1,3,-2.9710217,-0.5029541,-12.930711
1728012741961,1,3,-3.251239,-1.5352075,-12.585828
1728012741971,1,3,-3.2332764,-1.7184265,-10.863809
1728012741981,1,3,-2.5950036,-2.8045678,-11.264975
1728012741991,1,3,-2.5638685,-2.403402,-10.491383
1728012742001,1,3,-1.717229,-2.4405248,-11.448194
1728012742011,1,3,-1.8321899,-2.9027636,-11.133248
1728012742021,1,3,-1.8118323,-3.9924974,-9.570498
1728012742031,1,3,-1.4932947,-4.7373486,-8.273595
1728012742041,1,3,-1.2226574,-5.1756372,-8.143066
1728012742051,1,3,-1.5938855,-5.769602,-8.57896
1728012742060,1,3,-1.9770886,-5.54926,-8.086783
1728012742070,1,3,-2.0645068,-5.5049524,-8.703501
1728012742080,1,3,-2.2094054,-6.260581,-10.491383
1728012742090,1,3,-2.7075696,-6.4330225,-10.684182
1728012742100,1,3,-3.0955627,-6.638994,-9.909393
1728012742110,1,3,-3.05844,-6.1839404,-9.181308
1728012742120,1,3,-2.9327013,-5.5289025,-9.437574
1728012742130,1,3,-2.5243506,-5.271438,-10.732082
1728012742140,1,3,-2.4692652,-5.579198,-10.290201
1728012742150,1,3,-2.8129504,-6.0737696,-8.937016
1728012742160,1,3,-2.74589,-6.8509536,-8.262817
1728012742170,1,3,-2.74589,-7.4401283,-7.5467067
1728012742180,1,3,-2.9279113,-8.007748,-6.9192114
1728012742190,1,3,-3.3458424,-8.355025,-5.715714
1728012742200,1,3,-3.5757642,-8.381371,-5.2331176
1728012742210,1,3,-4.0439906,-7.7131605,-4.4403663
1728012742220,1,3,-4.040398,-7.3682775,-4.453539
1728012742230,1,3,-3.7278478,-7.296427,-4.946913
1728012742240,1,3,-3.8607714,-7.213799,-4.461921
1728012742250,1,3,-3.9829175,-7.213799,-3.319497
1728012742260,1,3,-4.3780956,-7.2628965,-1.5675403
1728012742270,1,3,-4.247567,-8.1634245,-1.2382251
1728012742280,1,3,-3.9553747,-9.279503,-1.705254
1728012742290,1,3,-3.930227,-10.43989,-2.034569
1728012742300,1,3,-4.2727146,-11.32485,-2.0082238
1728012742310,1,3,-4.4439588,-12.115207,-2.2070105
1728012742320,1,3,-4.4247985,-12.393028,-2.2812562
1728012742330,1,3,-4.2020617,-12.297228,-2.4285498
1728012742340,1,3,-3.7529955,-11.819422,-2.0094213
1728012742350,1,3,-3.3865576,-10.900931,-1.5435901
1728012742360,1,3,-3.2045362,-9.909393,-1.284928
1728012742370,1,3,-3.3242872,-9.207653,-1.8944604
1728012742380,1,3,-3.671565,-8.734636,-1.705254
1728012742390,1,3,-4.0607557,-8.335865,-0.67898804
1728012742400,1,3,-4.3936634,-8.066425,-0.10059082
1728012742410,1,3,-4.7792616,-7.804171,0.9172925
1728012742420,1,3,-5.0019984,-7.4161777,1.1591895
1728012742430,1,3,-5.1720448,-6.7383876,1.8609302
1728012742440,1,3,-5.2043777,-6.2641735,2.046544
1728012742450,1,3,-5.5588403,-5.4881873,2.2345533
1728012742460,1,3,-5.994734,-4.3840833,2.635719
1728012742470,1,3,-6.444998,-3.1769934,2.7614574
1728012742480,1,3,-6.6629443,-2.5578809,2.8512707
1728012742490,1,3,-6.6581545,-1.6154407,1.905238
1728012742500,1,3,-5.853428,-1.839375,2.9937744
1728012742510,1,3,-5.1289344,-3.446433,3.1494508
1728012742520,1,3,-5.2343154,-4.4583287,4.199667
1728012742530,1,3,-5.6738014,-5.2007847,4.211642
1728012742540,1,3,-5.7360716,-5.374424,3.9290295
1728012742550,1,3,-5.2319202,-4.7062135,3.8404138
1728012742560,1,3,-4.7050157,-4.2092466,3.6188745
1728012742570,1,3,-4.4415636,-3.4512231,3.8907092
1728012742580,1,3,-4.7050157,-3.37099,4.3062453
1728012742590,1,3,-5.6414685,-4.00567,4.519402
1728012742600,1,3,-6.798263,-4.485872,4.7960267
1728012742610,1,3,-7.282057,-4.453539,5.2882032
1728012742620,1,3,-7.2245765,-4.0368056,5.158872
1728012742630,1,3,-7.1275783,-3.3302746,4.4511437
1728012742640,1,3,-6.500083,-3.171006,4.7541137
1728012742650,1,3,-5.932463,-3.7038977,4.5936475
1728012742676,1,3,-6.2941113,-3.66917,4.8235693
1728012742686,1,3,-7.1048255,-3.2081287,4.799619
1728012742696,1,3,-8.055648,-2.877616,4.482279
1728012742706,1,3,-8.490344,-3.0787976,4.4762917
1728012742716,1,3,-8.293953,-3.5386415,4.877457
1728012742726,1,3,-7.3048096,-3.8523889,5.0870214
1728012742736,1,3,-5.997129,-3.8966968,5.3337083
1728012742746,1,3,-4.9912205,-3.7194653,5.0989966
1728012742756,1,3,-4.4954515,-3.439248,4.88584
1728012742766,1,3,-4.5445495,-3.4835558,4.701423
1728012742776,1,3,-5.366041,-4.0463853,4.511019
1728012742786,1,3,-7.1635036,-4.2391844,4.508624
1728012742796,1,3,-8.014933,-3.822451,4.366121
1728012742806,1,3,-7.7275305,-4.0583606,5.0822315
1728012742816,1,3,-6.7264123,-4.126619,5.2187476
1728012742826,1,3,-6.0007215,-3.551814,5.436694
1728012742836,1,3,-5.7612195,-3.0596375,5.2882032
1728012742846,1,3,-6.2090883,-3.0177245,5.190007
1728012742856,1,3,-6.6892896,-3.3997302,5.388794
1728012742866,1,3,-7.155121,-3.8020935,5.5528526
1728012742876,1,3,-7.3634877,-4.0511756,5.6270986
1728012742886,1,3,-7.4688683,-3.9637573,5.332511
1728012742896,1,3,-7.1778736,-3.7925134,5.4510646
1728012742906,1,3,-6.884484,-3.935017,5.3361034
1728012742916,1,3,-6.849756,-3.9098694,5.0870214
1728012742926,1,3,-5.863008,-3.1626234,4.8990126
1728012742936,1,3,-5.043911,-2.9075537,5.17444
1728012742946,1,3,-5.54926,-3.0740075,5.0235534
1728012742956,1,3,-6.860533,-3.9901025,4.479884
1728012742966,1,3,-7.012617,-4.518204,4.646338
1728012742976,1,3,-6.0809546,-4.4475513,4.581672
1728012742986,1,3,-4.7229786,-4.3840833,4.728966
1728012742996,1,3,-4.28948,-4.2655296,4.8080015
1728012743006,1,3,-5.4630394,-4.3445654,4.670288
1728012743016,1,3,-6.6821046,-4.1098537,4.7457314
1728012743026,1,3,-6.643784,-4.0571632,4.7229786
1728012743036,1,3,-6.2474084,-4.254752,4.7157936
1728012743046,1,3,-6.534811,-4.118236,4.8499146
1728012743056,1,3,-6.5791187,-3.7110827,4.998406
1728012743066,1,3,-6.470145,-4.052373,4.3912683
1728012743076,1,3,-6.6653395,-4.3206153,4.172124
1728012743086,1,3,-6.894064,-4.5684996,4.5625124
1728012743096,1,3,-7.235354,-4.775669,5.5265074
1728012743106,1,3,-7.6856174,-5.190007,5.867798
1728012743116,1,3,-8.206534,-5.1840196,5.908513
1728012743126,1,3,-8.329878,-4.748126,5.1600695
1728012743136,1,3,-7.677235,-4.472699,4.4571314
1728012743146,1,3,-6.0414367,-4.7612987,4.764891
1728012743156,1,3,-5.0678616,-4.2799,5.190007
1728012743166,1,3,-5.332511,-4.1805067,4.91937
1728012743176,1,3,-6.2498035,-4.700226,4.6080174
1728012743186,1,3,-6.4569726,-4.8570995,4.406836
1728012743196,1,3,-5.522915,-4.8331494,4.4224033
1728012743206,1,3,-4.5445495,-4.58287,4.3493557
1728012743216,1,3,-4.4032435,-4.26074,4.003275
1728012743226,1,3,-5.181625,-4.1709266,3.6943176
1728012743236,1,3,-6.2078905,-4.120631,3.6428246
1728012743246,1,3,-6.2330384,-4.0631504,3.906277
1728012743256,1,3,-5.916896,-4.118236,4.059558
1728012743266,1,3,-6.404282,-3.8703516,4.8570995
1728012743276,1,3,-6.597081,-3.6092944,5.1313295
1728012743286,1,3,-7.157516,-3.9398072,5.1193542
1728012743296,1,3,-7.556287,-4.366121,5.093009
1728012743306,1,3,-7.8616514,-4.663103,5.3049684
1728012743316,1,3,-7.780221,-4.8738647,5.3049684
1728012743326,1,3,-7.7131605,-4.787644,4.9912205
1728012743336,1,3,-7.479646,-4.787644,4.5277843
1728012743346,1,3,-7.1994286,-4.428391,4.3589354
1728012743356,1,3,-6.860533,-4.6164002,4.045188
1728012743366,1,3,-6.377937,-4.780459,4.184099
1728012743376,1,3,-5.5025573,-4.653523,3.9290295
1728012743386,1,3,-5.245093,-4.1517663,3.3673975
1728012743396,1,3,-5.8342676,-4.2272096,2.623744
1728012743406,1,3,-6.468948,-5.1624646,2.1950355
1728012743416,1,3,-6.301296,-5.9372535,2.2800586
1728012743426,1,3,-5.649851,-6.339617,2.4908204
1728012743436,1,3,-5.2247353,-6.170768,2.3926246
1728012743446,1,3,-5.191205,-5.7372694,1.6693286
1728012743456,1,3,-6.0761647,-5.0726514,1.1615845
1728012743466,1,3,-6.4402075,-4.0655456,0.97597045
1728012743476,1,3,-6.2318406,-3.749403,0.7819739
1728012743486,1,3,-6.045029,-4.197272,0.73407346
1728012743496,1,3,-5.771997,-4.7888417,0.6322852
1728012743506,1,3,-5.706134,-5.670209,0.72808594
1728012743516,1,3,-5.459447,-6.441405,0.71251833
1728012743526,1,3,-4.92416,-7.242539,-0.46223876
1728012743536,1,3,-4.658313,-8.038883,-1.5172448
1728012743545,1,3,-4.7229786,-8.388556,-1.5435901
1728012743555,1,3,-4.3780956,-8.625663,-1.902843
1728012743566,1,3,-4.064348,-8.679551,-2.76984
1728012743575,1,3,-3.485951,-8.690329,-3.314707
1728012743586,1,3,-2.9015663,-9.22322,-4.636758
1728012743596,1,3,-2.3710694,-9.81958,-5.6414685
1728012743606,1,3,-2.0190015,-10.52132,-6.09293
1728012743616,1,3,-2.1926403,-10.6817875,-5.7923546
1728012743626,1,3,-2.5399182,-10.304571,-5.548063
1728012743636,1,3,-2.525548,-9.982441,-6.1540027
1728012743646,1,3,-2.3614893,-9.756112,-7.36708
1728012743655,1,3,-1.9890637,-9.42081,-9.085506
1728012743665,1,3,-1.7627344,-9.335786,-9.872271
1728012743675,1,3,-1.6920813,-8.9022875,-9.205257
1728012743685,1,3,-1.6082556,-8.57896,-8.250842
1728012743695,1,3,-1.8034497,-7.5347314,-7.62694
1728012743705,1,3,-1.5759228,-6.7575474,-8.5598
1728012743715,1,3,-1.8381774,-5.9037232,-9.128617
1728012743725,1,3,-2.0692968,-5.0067883,-9.332193
1728012743735,1,3,-1.9603235,-4.3960586,-9.45434
1728012743745,1,3,-2.1950355,-4.1314087,-9.53098
1728012743755,1,3,-2.2896388,-4.494254,-9.178912
1728012743765,1,3,-2.535128,-5.6821837,-8.993299
1728012743775,1,3,-3.0440698,-6.787485,-8.1143265
1728012743785,1,3,-2.941084,-7.99697,-6.8401756
1728012743795,1,3,-2.630929,-8.150251,-5.846243
1728012743805,1,3,-2.5447083,-8.119116,-6.7144375
1728012743815,1,3,-2.4321423,-7.562274,-8.121511
1728012743835,1,3,-2.15911,-6.615044,-9.621991
1728012743845,1,3,-1.9675086,-5.4606447,-10.624307
1728012743855,1,3,-1.9938538,-4.470304,-11.165581
1728012743865,1,3,-2.3566992,-3.906277,-10.708133
1728012743875,1,3,-2.889591,-3.9601648,-10.134525
1728012743885,1,3,-3.2775843,-4.319418,-9.873468
1728012743895,1,3,-3.5889368,-4.778064,-9.51661
1728012743905,1,3,-3.6200721,-4.9205675,-9.096284
1728012743915,1,3,-3.0979578,-4.8918276,-9.705816
1728012743925,1,3,-2.7195446,-4.02962,-9.812395
1728012743935,1,3,-2.0597167,-2.4153771,-10.201586
1728012743945,1,3,-1.465752,-0.76760375,-11.321258
1728012743955,1,3,-1.4873071,0.33889526,-12.413386
1728012743965,1,3,-1.8992505,-0.1353186,-12.378658
1728012743975,1,3,-2.3147864,-1.6393908,-11.202703
1728012743985,1,3,-2.4465125,-3.681145,-10.266252
1728012743995,1,3,-2.6704469,-5.060676,-9.190887
1728012744005,1,3,-2.0429516,-5.4486694,-8.115523
1728012744015,1,3,-1.3747412,-4.9996033,-7.9742174
1728012744025,1,3,-1.2549902,-3.8727465,-8.158634
1728012744035,1,3,-1.3687537,-2.76505,-8.192164
1728012744045,1,3,-1.4298266,-2.5710535,-8.743019
1728012744055,1,3,-2.2237756,-3.6116896,-9.863888
1728012744065,1,3,-3.4428406,-4.8259645,-9.667497
1728012744075,1,3,-4.0344105,-5.3337083,-8.721463
1728012744085,1,3,-4.2104445,-5.1612673,-8.054451
1728012744095,1,3,-4.071533,-4.7768664,-8.808882
1728012744105,1,3,-4.078718,-4.103866,-9.459129
1728012744115,1,3,-3.6727624,-3.3697925,-10.072254
1728012744125,1,3,-3.4152977,-2.757865,-9.969269
1728012744135,1,3,-3.333867,-2.887196,-10.269844
1728012744145,1,3,-3.5913317,-2.8321106,-10.039922
1728012744155,1,3,-3.166216,-2.393822,-10.911709
1728012744165,1,3,-2.9877868,-2.5542884,-12.090058
1728012744175,1,3,-2.8512707,-3.6703675,-11.861334
1728012744185,1,3,-2.5327332,-5.0666637,-10.900931
1728012744195,1,3,-1.9806812,-6.9898643,-10.165661
1728012744205,1,3,-1.3495935,-8.046068,-9.672286
1728012744215,1,3,-0.6059399,-7.787406,-9.836346
1728012744225,1,3,0.183219,-6.7264123,-10.071057
1728012744235,1,3,0.58198977,-5.483397,-9.923763
1728012744245,1,3,0.5783972,-4.848717,-10.565629
1728012744255,1,3,-0.30057496,-4.254752,-10.806328
1728012744265,1,3,-1.3040881,-3.622467,-10.380014
1728012744275,1,3,-1.8992505,-3.187771,-10.450667
1728012744285,1,3,-2.581831,-2.591411,-10.092612
1728012744295,1,3,-3.065625,-2.1291723,-9.744137
1728012744305,1,3,-3.2871642,-1.4346167,-9.19927
1728012744315,1,3,-2.7027795,-0.91609496,-10.217154
1728012744325,1,3,-1.7998571,-1.0777588,-11.779903
1728012744335,1,3,-1.8920654,-1.6082556,-11.451786
1728012744345,1,3,-2.0501368,-2.2800586,-10.830278
1728012744355,1,3,-1.7543519,-2.7997777,-10.641071
1728012744365,1,3,-1.9124231,-2.7830126,-9.83395
1728012744375,1,3,-2.757865,-2.5147705,-7.644902
1728012744385,1,3,-3.1159203,-2.3614893,-6.3300366
1728012744395,1,3,-3.0692174,-2.0728893,-6.8461633
1728012744405,1,3,-3.3242872,-1.4489868,-8.242459
1728012744415,1,3,-3.2320788,-1.1388317,-10.70933
1728012744425,1,3,-3.0847852,-1.22146,-12.009826
1728012744435,1,3,-3.3302746,-1.585503,-12.133169
1728012744445,1,3,-3.0273046,-2.5075855,-11.765533
1728012744455,1,3,-2.645299,-3.6200721,-10.644665
1728012744465,1,3,-2.318379,-4.5768824,-9.905801
1728012744475,1,3,-1.9782861,-5.429509,-9.560918
1728012744485,1,3,-2.2752686,-5.7444544,-8.878338
1728012744495,1,3,-2.8788135,-4.6092153,-8.28078
1728012744505,1,3,-2.7279272,-3.7206628,-9.471105
1728012744515,1,3,-3.368595,-2.642904,-9.586065
1728012744525,1,3,-3.8464015,-2.5363257,-9.736952
1728012744535,1,3,-3.730243,-2.9686267,-8.778944
1728012744545,1,3,-3.5290613,-3.0716126,-7.9981675
1728012744555,1,3,-2.6560767,-3.7613783,-9.177715
1728012744565,1,3,-2.4908204,-4.766089,-9.570498
1728012744575,1,3,-2.7818153,-4.8547044,-8.86277
1728012744585,1,3,-2.6680517,-4.9936156,-9.004076
1728012744595,1,3,-2.7973828,-4.643943,-9.304651
1728012744605,1,3,-3.2572265,-4.437971,-9.368119
1728012744615,1,3,-3.7781434,-4.2595425,-9.350156
1728012744625,1,3,-4.2499623,-4.1098537,-9.377699
1728012744635,1,3,-4.653523,-4.277505,-9.2328005
1728012744645,1,3,-4.981641,-4.233197,-8.207732
1728012744655,1,3,-4.667893,-3.5530114,-8.503517
1728012744665,1,3,-4.2200246,-3.0356872,-9.762099
1728012744675,1,3,-3.9505847,-1.7974621,-10.262659
1728012744685,1,3,-3.5949242,-0.4263135,-11.486514
1728012744695,1,3,-3.2668066,0.15447876,-12.710369
1728012744705,1,3,-3.3458424,-1.4130615,-12.687616
1728012744715,1,3,-3.7841308,-4.3589354,-10.669812
1728012744725,1,3,-4.0727305,-5.979166,-8.610095
1728012744735,1,3,-3.478766,-6.9263964,-8.234077
1728012744745,1,3,-2.6177564,-5.853428,-9.166937
1728012744755,1,3,-2.4584875,-3.8703516,-9.921369
1728012744765,1,3,-2.0597167,-2.7985804,-11.727213
1728012744775,1,3,-1.8273998,-3.214116,-12.9259205
1728012744785,1,3,-1.8537451,-4.764891,-11.870914
1728012744795,1,3,-1.775907,-6.673722,-10.34888
1728012744805,1,3,-1.84177,-7.220984,-8.117919
1728012744815,1,3,-1.8106347,-6.321654,-6.5791187
1728012744825,1,3,-1.8561401,-4.643943,-7.0952454
1728012744835,1,3,-2.2980213,-2.9925768,-9.260343
1728012744845,1,3,-2.5614734,-1.7016613,-10.660232
1728012744855,1,3,-2.6884093,-1.4549744,-11.548784
1728012744865,1,3,-2.4584875,-1.5172448,-11.648177
1728012744875,1,3,-1.8166223,-2.403402,-11.948752
1728012744885,1,3,-1.5483801,-3.4667907,-11.591894
1728012744895,1,3,-1.353186,-4.059558,-10.932067
1728012744905,1,3,-1.0909314,-3.6320472,-9.926159
1728012744915,1,3,-1.2525952,-3.1075377,-9.466314
1728012744925,1,3,-2.3590941,-3.06323,-8.960965
1728012744935,1,3,-3.121908,-3.3470397,-9.679471
1728012744945,1,3,-3.8679566,-2.9590466,-10.637479
1728012744955,1,3,-4.557722,-2.3590941,-11.393108
1728012744965,1,3,-4.0008802,-1.9974463,-12.293635
1728012744975,1,3,-3.3877552,-1.3567786,-12.136762
1728012744985,1,3,-2.4489074,-1.5543677,-12.24334
1728012744995,1,3,-1.5531702,-2.7518775,-11.676918
1728012745005,1,3,-1.5388,-3.4476306,-10.302176
1728012745015,1,3,-2.0920496,-3.6308496,-9.588461
1728012745025,1,3,-2.4165747,-1.8166223,-10.433903
1728012745035,1,3,-2.9494665,-0.09340576,-11.7439785
1728012745045,1,3,-4.648733,0.07903565,-12.485237
1728012745055,1,3,-6.1911254,0.20597167,-12.346326
1728012745065,1,3,-6.7683253,0.554447,-12.068503
1728012745075,1,3,-6.072572,1.2011023,-12.402609
1728012745085,1,3,-5.2343154,1.3543836,-12.87323
1728012745095,1,3,-4.590055,0.31255004,-11.566747
1728012745105,1,3,-3.749403,-0.8310718,-9.110654
1728012745115,1,3,-2.9183314,-2.0381615,-7.4664736
1728012745125,1,3,-2.2141955,-3.1674132,-7.298822
1728012745135,1,3,-2.1782703,-3.9913,-9.011261
1728012745145,1,3,-2.7339149,-4.6990285,-10.261461
1728012745155,1,3,-3.436853,-4.764891,-9.916578
1728012745165,1,3,-3.6476147,-3.8200562,-10.544073
1728012745175,1,3,-3.6045043,-2.650089,-11.995456
1728012745185,1,3,-3.5398388,-1.9555335,-13.070819
1728012745195,1,3,-3.3015344,-1.7794995,-11.472143
1728012745205,1,3,-2.7243347,-3.1997461,-10.009984
1728012745215,1,3,-1.9998413,-5.2798204,-8.844807
1728012745225,1,3,-1.6549585,-6.563551,-6.8258057
1728012745235,1,3,-0.83346677,-7.4856334,-6.553971
1728012745245,1,3,-0.50774413,-8.161029,-7.230564
1728012745255,1,3,-1.0657837,-7.505991,-5.8809705
1728012745265,1,3,-0.7867639,-7.430548,-6.461763
1728012745275,1,3,-0.42272094,-6.701265,-7.331155
1728012745285,1,3,-0.55923706,-5.1121693,-7.2389464
1728012745295,1,3,-0.735271,-3.1207104,-7.940687
1728012745305,1,3,-1.3639636,-1.2909155,-8.212522
1728012745315,1,3,-2.1100123,-0.20118164,-8.605305
1728012745325,1,3,-2.3950195,0.60354495,-9.674682
1728012745335,1,3,-2.9207263,1.0370435,-11.636203
1728012745345,1,3,-3.913462,0.2203418,-13.470787
1728012745355,1,3,-4.3912683,-0.15328126,-14.476696
1728012745365,1,3,-4.30385,1.0705737,-14.616804
1728012745375,1,3,-4.216432,2.0501368,-14.42161
1728012745385,1,3,-4.1661363,2.4201672,-13.529466
1728012745395,1,3,-4.0487804,2.863246,-13.401332
1728012745405,1,3,-4.309838,2.2489233,-13.525873
1728012745415,1,3,-4.4882665,0.6598279,-12.496015
1728012745425,1,3,-4.1637416,-0.7711963,-11.298505
1728012745435,1,3,-3.8140686,-2.3028114,-11.0901375
1728012745445,1,3,-3.178191,-3.1865735,-11.134446
1728012745455,1,3,-2.7985804,-3.661985,-10.13692
1728012745465,1,3,-2.1782703,-3.422483,-10.451865
1728012745475,1,3,-1.7004639,-3.2452514,-11.352392
1728012745485,1,3,-2.3411317,-3.9386096,-10.620714
1728012745495,1,3,-2.889591,-5.17444,-8.826844
1728012745505,1,3,-2.4704626,-6.377937,-8.249645
1728012745515,1,3,-1.7447717,-7.643705,-8.361013
1728012745525,1,3,-1.0550061,-8.01613,-8.032895
1728012745535,1,3,-0.11376343,-7.835306,-7.69879
1728012745545,1,3,0.7723938,-6.788683,-7.1587133
1728012745555,1,3,1.2142749,-6.1456203,-7.7442956
1728012745565,1,3,1.1639795,-5.126539,-8.672366
1728012745575,1,3,0.53528684,-3.5410364,-9.222023
1728012745585,1,3,-0.29937744,-1.6681311,-9.969269
1728012745595,1,3,-1.5519726,-0.16525635,-10.559641
1728012745605,1,3,-2.518363,0.11975098,-12.279265
1728012745615,1,3,-2.9877868,-0.8214917,-13.971347
1728012745625,1,3,-3.0296998,-2.645299,-14.214441
1728012745635,1,3,-2.9027636,-4.3289976,-11.547586
1728012745645,1,3,-1.9746937,-4.6738806,-9.473499
1728012745655,1,3,-1.8561401,-3.9086719,-7.984995
1728012745665,1,3,-2.0046313,-2.6093738,-8.139474
1728012745675,1,3,-2.1794677,-1.7567468,-10.310559
1728012745685,1,3,-3.3278797,-1.2082874,-11.049422
1728012745695,1,3,-4.7110033,-2.088457,-11.233839
1728012745705,1,3,-4.4271936,-2.193838,-11.5751295
1728012745715,1,3,-3.9481897,-0.8789722,-11.941567
1728012745725,1,3,-3.1722033,0.34009278,-13.452825
1728012745735,1,3,-2.086062,1.3471985,-14.493461
1728012745745,1,3,-1.7064514,0.75682616,-14.807208
1728012745755,1,3,-1.6896863,-1.1723621,-13.983321
1728012745765,1,3,-1.7136365,-2.870431,-12.680431
1728012745775,1,3,-1.660946,-4.106261,-11.360775
1728012745785,1,3,-2.0333717,-4.501439,-9.392069
1728012745795,1,3,-2.3710694,-4.196074,-7.67484
1728012745805,1,3,-2.2369483,-3.6871326,-8.184979
1728012745815,1,3,-2.3878345,-3.2668066,-9.661509
1728012745825,1,3,-2.318379,-3.2560291,-10.043514
1728012745835,1,3,-2.0573218,-4.254752,-10.48779
1728012745845,1,3,-2.1183949,-5.1205516,-11.3499975
1728012745855,1,3,-2.8560607,-4.6882505,-9.885443
1728012745865,1,3,-2.703977,-3.8835242,-8.274793
1728012745875,1,3,-2.1136048,-3.006947,-8.079598
1728012745885,1,3,-1.7950672,-2.4752526,-8.532257
1728012745895,1,3,-1.4489868,-2.6608667,-9.212442
1728012745905,1,3,-1.5495776,-3.0548475,-8.681946
1728012745915,1,3,-2.1531227,-3.214116,-7.026987
1728012745925,1,3,-2.4908204,-3.3518298,-6.8820887
1728012745935,1,3,-3.1997461,-3.2668066,-7.926317
1728012745945,1,3,-3.7901185,-3.206931,-9.503437
1728012745955,1,3,-3.8272412,-4.0392003,-11.247012
1728012745965,1,3,-3.5853443,-4.9289503,-11.074571
1728012745975,1,3,-2.9985645,-5.3049684,-10.290201
1728012745985,1,3,-2.501598,-5.419929,-10.123748
1728012745995,1,3,-2.3998096,-5.3073635,-9.612411
1728012746005,1,3,-2.254911,-4.4403663,-8.822055
1728012746015,1,3,-2.0824695,-3.8416114,-8.087981
1728012746025,1,3,-2.342329,-3.7218604,-8.429272
1728012746035,1,3,-2.875221,-3.9565723,-8.702304
1728012746045,1,3,-3.0991552,-4.4762917,-8.907078
1728012746055,1,3,-3.2213013,-4.6319675,-8.7825365
1728012746065,1,3,-3.3039293,-4.0008802,-8.753797
1728012746075,1,3,-3.2380664,-3.3626075,-9.25675
1728012746085,1,3,-3.36141,-3.1183155,-9.715397
1728012746095,1,3,-3.4488282,-3.4021254,-9.948911
1728012746105,1,3,-3.410508,-3.8715491,-9.910591
1728012746115,1,3,-3.1422656,-4.2643323,-9.727372
1728012746125,1,3,-3.2117212,-3.9242394,-8.984916
1728012746135,1,3,-3.37099,-3.9050794,-8.728649
1728012746145,1,3,-3.1231055,-3.1003528,-8.127499
1728012746155,1,3,-2.3411317,-2.4489074,-8.904682
1728012746165,1,3,-2.1100123,-3.2596216,-9.439969
1728012746175,1,3,-2.3028114,-4.1876917,-8.88672
1728012746185,1,3,-1.9088305,-4.7864466,-9.036408
1728012746195,1,3,-2.4117846,-4.7110033,-8.438851
1728012746205,1,3,-2.8081603,-4.5792775,-8.971744
1728012746215,1,3,-3.5362463,-4.1829014,-9.384884
1728012746225,1,3,-3.9721398,-3.8583765,-9.703422
1728012746235,1,3,-4.022435,-4.197272,-10.427915
1728012746245,1,3,-4.223617,-4.59245,-10.314152
1728012746255,1,3,-4.2319994,-4.9289503,-9.9572935
1728012746265,1,3,-3.9038818,-5.6630235,-10.3931875
1728012746275,1,3,-3.810476,-5.6342835,-9.896221
1728012746285,1,3,-3.5901344,-5.894143,-9.753717
1728012746295,1,3,-3.1422656,-6.1456203,-9.872271
1728012746305,1,3,-2.8907886,-6.2150755,-9.893826
1728012746315,1,3,-2.9291089,-6.3156667,-9.501042
1728012746325,1,3,-2.8967762,-6.5216384,-9.200467
1728012746335,1,3,-2.9602442,-6.485713,-8.792117
1728012746345,1,3,-2.9794042,-6.2665687,-8.760982
1728012746355,1,3,-3.4596057,-5.555248,-8.619676
1728012746365,1,3,-3.561394,-5.034331,-8.656798
1728012746375,1,3,-3.7925134,-4.5146117,-8.580157
1728012746385,1,3,-3.8272412,-4.3768983,-8.537047
1728012746395,1,3,-3.7793407,-4.29906,-8.637638
1728012746405,1,3,-3.4033227,-4.174519,-9.109457
1728012746415,1,3,-3.3123121,-4.4104285,-9.359736
1728012746425,1,3,-3.1805859,-5.0475035,-9.970467
1728012746435,1,3,-2.7518775,-5.5600376,-10.059082
1728012746445,1,3,-2.6524842,-6.1180773,-9.26154
1728012746455,1,3,-2.811753,-6.338419,-8.604108
1728012746465,1,3,-2.6488917,-6.236631,-8.760982
1728012746475,1,3,-2.5315356,-5.7684045,-8.909472
1728012746485,1,3,-2.4932153,-5.5456676,-8.635242
1728012746495,1,3,-2.4920177,-5.5097423,-8.466394
1728012746505,1,3,-2.6141639,-5.5121374,-7.940687
1728012746515,1,3,-2.6620643,-5.994734,-7.5981994
1728012746525,1,3,-2.581831,-6.947952,-7.7993813
1728012746535,1,3,-2.8931837,-8.187374,-7.8891945
1728012746545,1,3,-3.3314722,-9.422007,-7.829319
1728012746555,1,3,-3.7086878,-9.205257,-6.450985
1728012746565,1,3,-3.803291,-8.180189,-5.2343154
1728012746575,1,3,-4.0811133,-7.8377013,-6.004314
1728012746585,1,3,-4.5565248,-7.8556643,-6.251001
1728012746595,1,3,-4.9924183,-8.283175,-5.957611
1728012746605,1,3,-4.7541137,-8.222102,-5.2965856
1728012746615,1,3,-3.9505847,-8.56938,-5.6666164
1728012746625,1,3,-3.561394,-8.649613,-5.630691
1728012746635,1,3,-3.624862,-8.707093,-5.2415004
1728012746645,1,3,-3.6200721,-8.869955,-4.4020457
1728012746655,1,3,-3.5110986,-9.327404,-3.754193
1728012746665,1,3,-3.8020935,-9.77168,-3.5889368
1728012746675,1,3,-4.372108,-9.995614,-3.432063
1728012746685,1,3,-4.8080015,-9.765692,-3.0871801
1728012746695,1,3,-4.748126,-9.714199,-3.1722033
1728012746705,1,3,-4.1829014,-9.353748,-3.7613783
1728012746715,1,3,-4.085903,-8.762179,-3.7098854
1728012746725,1,3,-4.333788,-7.9622426,-2.8967762
1728012746735,1,3,-4.5565248,-7.056925,-1.6813037
1728012746745,1,3,-4.7469287,-6.2414207,-0.3580554
1728012746755,1,3,-4.785249,-5.8498354,-0.42751098
1728012746765,1,3,-4.907395,-5.8198977,-0.8490344
1728012746775,1,3,-5.285808,-5.9935365,-0.7544311
1728012746785,1,3,-5.7133193,-6.587501,-0.2706372
1728012746795,1,3,-5.8737855,-7.100035,-0.081430666
1728012746805,1,3,-5.9228835,-7.296427,-0.26824218
1728012746815,1,3,-5.9192905,-7.2652917,0.4418811
1728012746825,1,3,-5.8510327,-6.971902,0.11855347
1728012746835,1,3,-5.84265,-6.4485903,0.29219237
1728012746845,1,3,-5.82828,-5.867798,0.6430628
1728012746855,1,3,-5.863008,-5.452262,2.147135
1728012746865,1,3,-5.7588243,-6.2234583,1.7902771
1728012746875,1,3,-5.6893687,-7.026987,2.7123597
1728012746885,1,3,-5.805527,-7.653285,2.76984
1728012746895,1,3,-5.806725,-8.00655,2.7890003
1728012746905,1,3,-5.797145,-7.755073,3.1051428
1728012746915,1,3,-5.9695864,-6.842571,3.150648
1728012746925,1,3,-6.180348,-5.8570204,3.206931
1728012746935,1,3,-6.16478,-4.990023,3.119513
1728012746945,1,3,-6.1037073,-4.798422,3.3470397
1728012746955,1,3,-5.8558226,-5.003196,3.3793726
1728012746965,1,3,-5.722899,-5.4043617,3.2093263
1728012746975,1,3,-5.5732102,-5.960006,2.7866051
1728012746985,1,3,-5.358856,-5.9001307,3.253634
1728012746995,1,3,-5.2989807,-5.2283278,3.8775365
1728012747005,1,3,-5.557643,-4.3924656,4.4331813
1728012747015,1,3,-5.764812,-3.5386415,4.5158095
1728012747025,1,3,-5.918093,-3.1075377,4.5002418
1728012747035,1,3,-6.091732,-3.2284863,4.242777
1728012747045,1,3,-6.1300526,-3.800896,4.1445813
1728012747055,1,3,-6.182743,-4.7960267,3.937412
1728012747091,1,3,-6.016289,-5.4259167,3.8487964
1728012747101,1,3,-5.982759,-5.595963,3.7996986
1728012747111,1,3,-5.8809705,-5.6642213,3.969745
1728012747121,1,3,-5.9695864,-5.5097423,3.9050794
1728012747131,1,3,-6.260581,-5.346881,3.446433
1728012747141,1,3,-6.441405,-5.5372853,3.145858
1728012747151,1,3,-6.495293,-5.868995,2.809358
1728012747161,1,3,-6.267766,-6.1348424,2.6572742
1728012747171,1,3,-6.284531,-6.1767554,2.8009753
1728012747181,1,3,-6.2869263,-6.1372375,2.7782226
1728012747191,1,3,-6.2941113,-6.0079064,2.8512707
1728012747201,1,3,-6.3911095,-6.358777,2.7422974
1728012747211,1,3,-6.5132556,-6.7623377,3.1422656
1728012747221,1,3,-7.155121,-6.77072,3.5410364
1728012747231,1,3,-8.23767,-5.6630235,3.735033
1728012747241,1,3,-8.387359,-5.5732102,2.5962012
1728012747251,1,3,-7.764653,-6.660549,2.6117687
1728012747261,1,3,-6.9946547,-7.904762,3.1841784
1728012747271,1,3,-6.4006896,-8.378976,3.2620165
1728012747281,1,3,-5.9528213,-7.813751,2.8416908
1728012747291,1,3,-5.429509,-6.412665,2.1950355
1728012747301,1,3,-5.0870214,-4.848717,2.0513341
1728012747311,1,3,-5.015171,-3.9733374,2.2297633
1728012747321,1,3,-5.344486,-3.2332764,2.1255798
1728012747331,1,3,-5.7121215,-3.0620325,2.0728893
1728012747341,1,3,-5.943241,-3.08239,2.191443
1728012747351,1,3,-5.967191,-3.634442,2.4680676
1728012747361,1,3,-5.82828,-4.5158095,2.9207263
1728012747371,1,3,-5.6666164,-5.3995714,2.7830126
1728012747381,1,3,-5.750442,-6.133645,2.4177723
1728012747391,1,3,-5.7073317,-6.490503,2.337539
1728012747401,1,3,-5.5312977,-6.73719,2.4285498
1728012747411,1,3,-5.447472,-6.9263964,3.0835876
1728012747421,1,3,-5.5696177,-7.571854,4.3493557
1728012747431,1,3,-5.836663,-8.538244,4.269122
1728012747441,1,3,-6.2989016,-9.695039,4.30864
1728012747451,1,3,-6.793473,-10.45426,4.2822948
1728012747461,1,3,-7.2161937,-10.072254,4.0116577
1728012747471,1,3,-6.9778895,-8.649613,3.7086878
1728012747481,1,3,-6.692882,-7.05932,3.6033068
1728012747491,1,3,-5.882168,-6.0031166,3.3566198
1728012747501,1,3,-5.210365,-5.4271145,3.8236487
1728012747511,1,3,-5.1756372,-5.17444,3.864364
1728012747521,1,3,-5.4247193,-5.0870214,4.003275
1728012747531,1,3,-6.0055113,-5.247488,4.099076
1728012747541,1,3,-6.283334,-5.5384827,4.1876917
1728012747551,1,3,-6.3551846,-6.270161,4.1936793
1728012747561,1,3,-6.321654,-6.9048414,4.667893
1728012747571,1,3,-6.5180454,-7.3191795,4.981641
1728012747581,1,3,-6.763535,-7.509584,4.878655
1728012747591,1,3,-6.8317933,-7.604187,4.9445176
1728012747601,1,3,-6.8317933,-7.1168003,5.0175657
1728012747611,1,3,-6.791078,-7.1275783,4.485872
1728012747621,1,3,-6.5372057,-6.6725245,4.0811133
1728012747631,1,3,-6.3288393,-6.4030848,3.5362463
1728012747641,1,3,-6.211483,-6.12167,3.241659
1728012747651,1,3,-6.0007215,-5.879773,3.4356556
1728012747661,1,3,-5.936056,-5.6223083,3.9038818
1728012747671,1,3,-5.8977356,-5.469027,4.5074267
1728012747681,1,3,-5.962401,-5.550458,4.4511437
1728012747691,1,3,-5.9564137,-5.9588084,4.564907
1728012747701,1,3,-6.065387,-6.413862,5.1205516
1728012747711,1,3,-6.4354177,-6.6330066,5.454657
1728012747721,1,3,-6.7288074,-6.697672,5.863008
1728012747731,1,3,-6.878496,-6.3959,5.9300685
1728012747741,1,3,-6.9359765,-5.7995396,5.8079224
1728012747751,1,3,-6.9946547,-4.932543,5.2187476
1728012747761,1,3,-6.861731,-4.061953,4.931345
1728012747771,1,3,-6.771918,-3.1937585,4.750521
1728012747781,1,3,-6.47733,-2.5051904,4.397256
1728012747791,1,3,-6.312074,-1.719624,4.191284
1728012747801,1,3,-6.1911254,-1.1484119,4.2200246
1728012747811,1,3,-6.0342517,-0.8693921,4.2655296
1728012747821,1,3,-5.846243,-0.9939331,4.2882824
1728012747831,1,3,-5.8905506,-1.3855188,4.494254
1728012747841,1,3,-5.987549,-1.968706,4.6666956
1728012747851,1,3,-6.1420274,-2.2896388,4.7469287
1728012747861,1,3,-6.2414207,-2.5518932,4.7672863
1728012747871,1,3,-6.156398,-2.5830286,4.7541137
1728012747881,1,3,-6.2821364,-2.6105714,4.7840514
1728012747891,1,3,-6.1695704,-2.5602758,4.8642845
1728012747901,1,3,-6.2941113,-2.2165906,4.8163843
1728012747911,1,3,-6.3156667,-1.8309925,4.775669
1728012747921,1,3,-6.338419,-1.5364051,4.8379393
1728012747931,1,3,-6.189928,-1.3040881,4.9852333
1728012747941,1,3,-6.0414367,-1.4166541,5.005591
1728012747951,1,3,-5.9276733,-1.717229,5.0594788
1728012747961,1,3,-6.13604,-1.9543359,5.0977993
1728012747971,1,3,-6.476133,-1.9255958,5.239105
1728012747981,1,3,-6.5851064,-1.6238233,5.2630553
1728012747991,1,3,-6.7144375,-1.2442126,5.3313136
1728012748001,1,3,-6.5839086,-0.96160036,5.259463
1728012748011,1,3,-6.4749355,-0.9244775,5.2343154
1728012748021,1,3,-6.5683413,-0.92687255,5.349276
1728012748031,1,3,-6.8186207,-1.0729687,5.478607
1728012748041,1,3,-7.052135,-1.1029065,5.6019506
1728012748051,1,3,-7.242539,-0.8981323,5.6953564
1728012748061,1,3,-7.3922276,-0.79035646,5.771997
1728012748071,1,3,-7.291637,-0.61073,5.7348742
1728012748081,1,3,-7.1287756,-0.49337402,5.6893687
1728012748091,1,3,-7.0808754,-0.6598279,5.7360716
1728012748101,1,3,-6.980284,-1.0118958,5.788762
1728012748111,1,3,-7.0581226,-1.3352234,5.825885
1728012748121,1,3,-7.2401443,-1.2322376,5.8833656
1728012748131,1,3,-7.301217,-1.0693762,5.860613
1728012748141,1,3,-7.3000197,-0.5388794,5.894143
1728012748151,1,3,-7.0748878,-0.22752686,5.7073317
1728012748161,1,3,-6.781498,-0.123343505,5.725294
1728012748171,1,3,-6.683302,0.0047900393,5.591173
1728012748181,1,3,-6.570736,-0.0119750975,5.6414685
1728012748191,1,3,-6.587501,-0.10777588,5.5456676
1728012748201,1,3,-6.541996,-0.24908203,5.5947657
1728012748211,1,3,-6.6844997,-0.5448669,5.701344
1728012748221,1,3,-6.7060547,-0.64665526,5.748047
1728012748231,1,3,-6.7407823,-0.9029224,5.749244
1728012748241,1,3,-6.697672,-1.0514135,5.806725
1728012748251,1,3,-6.753955,-1.299298,5.774392
1728012748261,1,3,-6.8389783,-1.3591735,5.812712
1728012748271,1,3,-6.907236,-1.3040881,5.685776
1728012748281,1,3,-6.884484,-1.0118958,5.6642213
1728012748291,1,3,-6.77072,-0.7209009,5.725294
1728012748301,1,3,-6.702462,-0.76760375,5.642666
1728012748311,1,3,-6.5946865,-0.9244775,5.83786
1728012748321,1,3,-6.549181,-1.1520044,5.8103175
1728012748331,1,3,-6.6821046,-1.4238391,5.9061184
1728012748341,1,3,-6.8018556,-1.4250367,5.9276733
1728012748351,1,3,-6.9204087,-1.2693603,6.043832
1728012748361,1,3,-6.8485584,-0.92687255,5.8833656
1728012748371,1,3,-6.980284,-0.54366946,5.9145007
1728012748381,1,3,-6.9850745,-0.39637575,5.9061184
1728012748391,1,3,-7.0868626,0.065863036,5.077441
1728012748401,1,3,-6.779103,-0.8861572,4.7385464
1728012748411,1,3,-6.6354017,-0.70174074,6.133645
1728012748421,1,3,-6.41985,-0.93765014,5.955216
1728012748431,1,3,-6.8186207,-1.0106982,6.3204565
1728012748441,1,3,-7.1946387,-0.9592053,6.3276415
1728012748451,1,3,-7.317982,-0.7723938,6.3108764
1728012748461,1,3,-7.3000197,-0.6227051,6.124065
1728012748471,1,3,-7.4556956,-0.6550378,6.0055113
1728012748481,1,3,-7.146738,-1.0909314,6.14083
1728012748491,1,3,-6.9766917,-1.1472144,5.980364
1728012748501,1,3,-6.8725085,-0.9448352,5.8654027
1728012748511,1,3,-6.8677187,-0.74604857,5.898933
1728012748521,1,3,-6.7204247,-0.5676196,5.8007374
1728012748531,1,3,-6.779103,-0.6167175,5.8222923
1728012748541,1,3,-6.8389783,-0.70772827,5.80433
1728012748551,1,3,-6.9778895,-0.91010743,5.8091197
1728012748561,1,3,-6.8186207,-1.0130932,5.943241
1728012748571,1,3,-6.810238,-1.1939173,5.974376
